200105_2.0011.217	0	22.979644204653912	53.939342639678486
200105_2.0011.217	1	22.97960610914414	53.93911264560282
200105_2.0011.217	2	22.979587910923147	53.939003406520804
200105_2.0011.217	3	22.979560574903655	53.93883802001737
200105_2.0011.217	4	22.97954715668069	53.93875757526913
200105_2.0011.217	5	22.979497658363986	53.93845820571927
200105_2.0011.217	6	22.97939756412792	53.937854604985986
200105_2.0011.217	7	22.979324294155347	53.93741243272436
200105_2.0011.217	8	22.979259063800544	53.937040236247334
200105_2.0011.217	9	22.979250651629638	53.93699182252298
200105_2.0011.217	10	22.979163075558404	53.936493278988394
200105_2.0011.217	11	22.979156505631483	53.936456741831016
200105_2.0011.217	12	22.978981064456608	53.936126649132234
200105_2.0011.217	13	22.978816835834234	53.935817677661525
200105_2.0011.217	14	22.978697277805722	53.935905707871115
200105_2.0011.217	15	22.97876090509525	53.936019017508094
200105_2.0011.217	16	22.97887050619056	53.936214037173066
200105_2.0011.217	17	22.97901382186457	53.93646900735164
200105_2.0011.217	18	22.979026323964444	53.93654324438206
200105_2.0011.217	19	22.979038958618755	53.93661829123599
200105_2.0011.217	20	22.979101374745103	53.93698713929649
200105_2.0011.217	21	22.979172297109585	53.93740682792237
200105_2.0011.217	22	22.979247840535134	53.93784937902613
200105_2.0011.217	23	22.979284483109264	53.93806390579252
200105_2.0011.217	24	22.97931513405017	53.938243158292615
200105_2.0011.217	25	22.979350982149704	53.93845282607766
200105_2.0011.217	26	22.97940199761873	53.93875238829462
200105_2.0011.217	27	22.979422661845284	53.938872880293104
200105_2.0011.217	28	22.97945010258639	53.939033954658576
200105_2.0011.217	29	22.979462758430007	53.93910819291282
200105_2.0011.217	30	22.979502075624808	53.939338017706085
200105_2.0011.217	31	22.97950514132567	53.9393559249808
200105_2.0011.217	32	22.97957016674431	53.93973674553965
200105_2.0011.217	33	22.97962532883524	53.94005997478633
200105_2.0011.217	34	22.979647589898008	53.94014004534864
200105_2.0011.217	35	22.97969671831045	53.94031738796643
200105_2.0011.217	36	22.979780703417703	53.94062037490508
200105_2.0011.217	37	22.979920855185444	53.940625069592734
200105_2.0011.217	38	22.979856874139404	53.9403947659623
200105_2.0011.217	39	22.97978729420582	53.94014428712085
200105_2.0011.217	40	22.979761672265496	53.94005214741432
200105_2.0011.217	41	22.979732746701607	53.93987695324273
200105_2.0011.217	42	22.97964857600158	53.93936945372689
200105_2.0011.217	43	22.979644204653912	53.939342639678486
200105_2.0010.AR_1.35/2	0	22.961802374278296	53.94889450186787
200105_2.0010.AR_1.35/2	1	22.961793399435216	53.94888786485499
200105_2.0010.AR_1.35/2	2	22.961343557938367	53.94923180655487
200105_2.0010.AR_1.35/2	3	22.96226498745205	53.949937856800005
200105_2.0010.AR_1.35/2	4	22.963592927840015	53.95092443180311
200105_2.0010.AR_1.35/2	5	22.96417043362278	53.95065391624187
200105_2.0010.AR_1.35/2	6	22.962139205196276	53.94914469462711
200105_2.0010.AR_1.35/2	7	22.961802374278296	53.94889450186787
200105_2.0022.537	0	22.967446708218144	53.898716124478625
200105_2.0022.537	1	22.967235325422944	53.89852084607391
200105_2.0022.537	2	22.967101428574793	53.898330007909394
200105_2.0022.537	3	22.967088772403418	53.898312646646886
200105_2.0022.537	4	22.967078905864373	53.89830555298186
200105_2.0022.537	5	22.966250960011763	53.89770681401381
200105_2.0022.537	6	22.96609877615138	53.897480503749854
200105_2.0022.537	7	22.96590159023551	53.89699421124337
200105_2.0022.537	8	22.965913650778578	53.89693707675802
200105_2.0022.537	9	22.96584380044401	53.89669754756942
200105_2.0022.537	10	22.965803954819943	53.89637659755415
200105_2.0022.537	11	22.96582425392046	53.89634316621303
200105_2.0022.537	12	22.965850749049856	53.896299095358124
200105_2.0022.537	13	22.965986569242585	53.896128100834964
200105_2.0022.537	14	22.966025510447437	53.89602357408295
200105_2.0022.537	15	22.966032183627892	53.8960059298918
200105_2.0022.537	16	22.9661226326073	53.89581163111928
200105_2.0022.537	17	22.966262774151836	53.895631867591106
200105_2.0022.537	18	22.96627251491667	53.89561937160167
200105_2.0022.537	19	22.966955100780577	53.89509060293943
200105_2.0022.537	20	22.96701077937728	53.89504750179596
200105_2.0022.537	21	22.967078312902924	53.89498635168001
200105_2.0022.537	22	22.967197354242966	53.89487847016698
200105_2.0022.537	23	22.96731219747588	53.89477423652741
200105_2.0022.537	24	22.967459868251357	53.89464045287668
200105_2.0022.537	25	22.967902555863056	53.894233526965344
200105_2.0022.537	26	22.967938355048986	53.89420067780246
200105_2.0022.537	27	22.967873256013895	53.894194007918074
200105_2.0022.537	28	22.967416869374002	53.8946135754733
200105_2.0022.537	29	22.9672695094011	53.89474709217701
200105_2.0022.537	30	22.967154668353295	53.894851235938965
200105_2.0022.537	31	22.967035626982184	53.894959117410004
200105_2.0022.537	32	22.96696108718564	53.89502676671463
200105_2.0022.537	33	22.966913781519217	53.89506347024288
200105_2.0022.537	34	22.966220031364603	53.8956007687295
200105_2.0022.537	35	22.966217480204577	53.89560550913831
200105_2.0022.537	36	22.966065278450582	53.89579927616757
200105_2.0022.537	37	22.96597273654901	53.895998229392426
200105_2.0022.537	38	22.965928588534002	53.89611645927304
200105_2.0022.537	39	22.965794492317567	53.896285401891205
200105_2.0022.537	40	22.96577990192993	53.89630944750909
200105_2.0022.537	41	22.965742309016537	53.89637166354332
200105_2.0022.537	42	22.96578329460553	53.89670187858572
200105_2.0022.537	43	22.965834592808445	53.89687942696838
200105_2.0022.537	44	22.965851839973855	53.89693879074136
200105_2.0022.537	45	22.96583992257919	53.89699628587852
200105_2.0022.537	46	22.966040695353467	53.89749132542618
200105_2.0022.537	47	22.966198016483144	53.89772522791731
200105_2.0022.537	48	22.967035019789076	53.898345341081786
200105_2.0022.537	49	22.967060798744413	53.89838581842304
200105_2.0022.537	50	22.96718189460379	53.8985528244933
200105_2.0022.537	51	22.967391485176204	53.89874673973493
200105_2.0022.537	52	22.967599453153923	53.89893866380932
200105_2.0022.537	53	22.967695227280263	53.89902206511599
200105_2.0022.537	54	22.96773679024098	53.89905800550213
200105_2.0022.537	55	22.96811579578448	53.89938492528847
200105_2.0022.537	56	22.968793683124122	53.89982700103805
200105_2.0022.537	57	22.96933697086426	53.90008200524013
200105_2.0022.537	58	22.969397763355172	53.90010948392858
200105_2.0022.537	59	22.969921568385526	53.900346526699344
200105_2.0022.537	60	22.970223423482885	53.900483181404105
200105_2.0022.537	61	22.970464188965668	53.90059208511361
200105_2.0022.537	62	22.97103228597763	53.90084756384015
200105_2.0022.537	63	22.971344675782543	53.900976847919935
200105_2.0022.537	64	22.971588809040774	53.90109134927117
200105_2.0022.537	65	22.971637093066985	53.90111404714987
200105_2.0022.537	66	22.97192262050224	53.90124687356958
200105_2.0022.537	67	22.972209298378345	53.901382494685535
200105_2.0022.537	68	22.97252290620286	53.90151205565256
200105_2.0022.537	69	22.972802298997603	53.90163467371852
200105_2.0022.537	70	22.973129727563073	53.9017716296616
200105_2.0022.537	71	22.97338058494747	53.90194117670806
200105_2.0022.537	72	22.97365176779549	53.9020451223712
200105_2.0022.537	73	22.973691865490473	53.90206047109314
200105_2.0022.537	74	22.975159572916656	53.90268232180465
200105_2.0022.537	75	22.976108198885356	53.90308425415488
200105_2.0022.537	76	22.97619479469962	53.90312093499614
200105_2.0022.537	77	22.97620594026607	53.903125612690786
200105_2.0022.537	78	22.97685668656938	53.90339533645215
200105_2.0022.537	79	22.976905723602275	53.90341857773392
200105_2.0022.537	80	22.9778987759369	53.90389689244467
200105_2.0022.537	81	22.97803461065734	53.90394872747343
200105_2.0022.537	82	22.97808300454605	53.90396720042763
200105_2.0022.537	83	22.978101047792755	53.90384514991254
200105_2.0022.537	84	22.9776672690379	53.90369391365524
200105_2.0022.537	85	22.977146913605413	53.90346789696773
200105_2.0022.537	86	22.97626386479043	53.903084054009916
200105_2.0022.537	87	22.976175899273716	53.90304116147594
200105_2.0022.537	88	22.975261503764553	53.902627031836765
200105_2.0022.537	89	22.97446089507089	53.90226445605245
200105_2.0022.537	90	22.973805166316616	53.902000696889864
200105_2.0022.537	91	22.97342560683921	53.90191703097896
200105_2.0022.537	92	22.97316904810225	53.9017504005138
200105_2.0022.537	93	22.9728774128052	53.90161195377305
200105_2.0022.537	94	22.972858128244635	53.901604151030284
200105_2.0022.537	95	22.97257888540645	53.901481624232765
200105_2.0022.537	96	22.972274182358618	53.90134881496343
200105_2.0022.537	97	22.971975883631025	53.90121552061124
200105_2.0022.537	98	22.971441449456744	53.90097668860339
200105_2.0022.537	99	22.971392235310443	53.900954701524086
200105_2.0022.537	100	22.97108687198821	53.90081810958833
200105_2.0022.537	101	22.970832979479315	53.90070460181511
200105_2.0022.537	102	22.970579238261553	53.90059118465059
200105_2.0022.537	103	22.970517381659903	53.900563607587955
200105_2.0022.537	104	22.97024467832378	53.900441760351846
200105_2.0022.537	105	22.969972880454204	53.900320279680024
200105_2.0022.537	106	22.969924289590303	53.90029775820132
200105_2.0022.537	107	22.969393393526534	53.9000521182405
200105_2.0022.537	108	22.968849512841274	53.899796480207115
200105_2.0022.537	109	22.96880533733577	53.89976770626487
200105_2.0022.537	110	22.968171775299947	53.89935449591454
200105_2.0022.537	111	22.967660827301316	53.89890540566634
200105_2.0022.537	112	22.967446708218144	53.898716124478625
200105_2.0020.AR_15.381	0	22.994264473855072	53.869841811981225
200105_2.0020.AR_15.381	1	22.994729733281833	53.868921807295614
200105_2.0020.AR_15.381	2	22.995253502589268	53.86821758634446
200105_2.0020.AR_15.381	3	22.995994536081263	53.86761375323121
200105_2.0020.AR_15.381	4	22.99675797049515	53.86708306616146
200105_2.0020.AR_15.381	5	22.996800015267013	53.86705412445672
200105_2.0020.AR_15.381	6	22.99641297727084	53.86690675904574
200105_2.0020.AR_15.381	7	22.99636964257381	53.86694512474378
200105_2.0020.AR_15.381	8	22.99594811714714	53.8672222203035
200105_2.0020.AR_15.381	9	22.995612467738287	53.86744288447651
200105_2.0020.AR_15.381	10	22.994615266718938	53.868122295322685
200105_2.0020.AR_15.381	11	22.994267541051485	53.86881406116217
200105_2.0020.AR_15.381	12	22.99425859765733	53.868831957481476
200105_2.0020.AR_15.381	13	22.993833181283787	53.86975121614247
200105_2.0020.AR_15.381	14	22.993262829385948	53.871025807386204
200105_2.0020.AR_15.381	15	22.993121240673204	53.871318449739285
200105_2.0020.AR_15.381	16	22.99304022283807	53.871488407139
200105_2.0020.AR_15.381	17	22.992641351752283	53.872351094923154
200105_2.0020.AR_15.381	18	22.99224614064205	53.873212643923694
200105_2.0020.AR_15.381	19	22.992215645118407	53.87327942065012
200105_2.0020.AR_15.381	20	22.991668452473576	53.874478449591706
200105_2.0020.AR_15.381	21	22.991444465013487	53.87495900591573
200105_2.0020.AR_15.381	22	22.99105110197866	53.875817511224916
200105_2.0020.AR_15.381	23	22.990642782718087	53.87668388662204
200105_2.0020.AR_15.381	24	22.990249604662107	53.87755227493204
200105_2.0020.AR_15.381	25	22.989657051024842	53.87884930525952
200105_2.0020.AR_15.381	26	22.98943865654714	53.87931669589589
200105_2.0020.AR_15.381	27	22.989047509664438	53.88015553450206
200105_2.0020.AR_15.381	28	22.98865106935396	53.881011399857066
200105_2.0020.AR_15.381	29	22.988248222700616	53.88188625936002
200105_2.0020.AR_15.381	30	22.987851323777747	53.882753439973484
200105_2.0020.AR_15.381	31	22.987450732732505	53.8836216663468
200105_2.0020.AR_15.381	32	22.987031495043762	53.88449296879547
200105_2.0020.AR_15.381	33	22.98663996125888	53.885368906552486
200105_2.0020.AR_15.381	34	22.985850099174204	53.88709151741189
200105_2.0020.AR_15.381	35	22.985686465716785	53.88744839124419
200105_2.0020.AR_15.381	36	22.985364162138705	53.88813270735642
200105_2.0020.AR_15.381	37	22.985286586609135	53.88812019063648
200105_2.0020.AR_15.381	38	22.985250979393854	53.888114498280146
200105_2.0020.AR_15.381	39	22.98512119466897	53.88839231449525
200105_2.0020.AR_15.381	40	22.98515725615547	53.88839810058544
200105_2.0020.AR_15.381	41	22.985235590366297	53.88841071365599
200105_2.0020.AR_15.381	42	22.984648556630844	53.88968044859101
200105_2.0020.AR_15.381	43	22.984238070475808	53.89056852814667
200105_2.0020.AR_15.381	44	22.983845018957215	53.89143950145036
200105_2.0020.AR_15.381	45	22.98343831992475	53.89230173166076
200105_2.0020.AR_15.381	46	22.98303478422501	53.89317081629648
200105_2.0020.AR_15.381	47	22.982726629809868	53.89382011117702
200105_2.0020.AR_15.381	48	22.98270465877197	53.8938165104694
200105_2.0020.AR_15.381	49	22.982654652498844	53.89380844894805
200105_2.0020.AR_15.381	50	22.982568091288076	53.894002613154115
200105_2.0020.AR_15.381	51	22.982620211856826	53.894011321620525
200105_2.0020.AR_15.381	52	22.98264672625811	53.8940157695496
200105_2.0020.AR_15.381	53	22.982507141663124	53.89432602765474
200105_2.0020.AR_15.381	54	22.982260943375692	53.89485409143402
200105_2.0020.AR_15.381	55	22.981833548027673	53.895770144013284
200105_2.0020.AR_15.381	56	22.981030565696575	53.89749656419958
200105_2.0020.AR_15.381	57	22.980636058847935	53.89837182727385
200105_2.0020.AR_15.381	58	22.980238642764512	53.89923466415453
200105_2.0020.AR_15.381	59	22.980174283733998	53.89937213628824
200105_2.0020.AR_15.381	60	22.979983288834493	53.89978016722067
200105_2.0020.AR_15.381	61	22.97992464248694	53.899770503638074
200105_2.0020.AR_15.381	62	22.97990858376462	53.8998051414633
200105_2.0020.AR_15.381	63	22.979967232345153	53.899814715216486
200105_2.0020.AR_15.381	64	22.979835664860147	53.90009403787661
200105_2.0020.AR_15.381	65	22.979222809979262	53.90139821016527
200105_2.0020.AR_15.381	66	22.97963076145209	53.90146592495166
200105_2.0020.AR_15.381	67	22.98023593526763	53.90016429122332
200105_2.0020.AR_15.381	68	22.980638952561268	53.899296739636476
200105_2.0020.AR_15.381	69	22.981043275147126	53.898437374615135
200105_2.0020.AR_15.381	70	22.981447415206553	53.897566055779976
200105_2.0020.AR_15.381	71	22.982247990301076	53.89583161529376
200105_2.0020.AR_15.381	72	22.982815402724377	53.89459344567433
200105_2.0020.AR_15.381	73	22.983042059971137	53.894099180824035
200105_2.0020.AR_15.381	74	22.983447944463375	53.893233979959476
200105_2.0020.AR_15.381	75	22.983849718592865	53.89236820373889
200105_2.0020.AR_15.381	76	22.98425286034881	53.89149551877143
200105_2.0020.AR_15.381	77	22.98464994272724	53.89062736380315
200105_2.0020.AR_15.381	78	22.98564326444161	53.8884913455484
200105_2.0020.AR_15.381	79	22.985998292695538	53.88771178811344
200105_2.0020.AR_15.381	80	22.986256141231717	53.88715739709426
200105_2.0020.AR_15.381	81	22.987052722277813	53.88543304321706
200105_2.0020.AR_15.381	82	22.987450234966936	53.8845548183279
200105_2.0020.AR_15.381	83	22.987860126026284	53.883686041476516
200105_2.0020.AR_15.381	84	22.988257340132446	53.88281877373168
200105_2.0020.AR_15.381	85	22.988655634751073	53.881956455808265
200105_2.0020.AR_15.381	86	22.989060626488474	53.881086914559766
200105_2.0020.AR_15.381	87	22.98919181667024	53.8807992216018
200105_2.0020.AR_15.381	88	22.989463532808013	53.88020854842391
200105_2.0020.AR_15.381	89	22.98996119697207	53.87912062490276
200105_2.0020.AR_15.381	90	22.99006279025114	53.878899445056916
200105_2.0020.AR_15.381	91	22.990659110388815	53.87761601274607
200105_2.0020.AR_15.381	92	22.9910821652516	53.87673799008761
200105_2.0020.AR_15.381	93	22.991468414830244	53.875878436584024
200105_2.0020.AR_15.381	94	22.991860853429962	53.87502010189461
200105_2.0020.AR_15.381	95	22.99207724456591	53.87454541153788
200105_2.0020.AR_15.381	96	22.99267764048742	53.87328329893706
200105_2.0020.AR_15.381	97	22.993062583826593	53.87241842758946
200105_2.0020.AR_15.381	98	22.99345968312984	53.87155320761121
200105_2.0020.AR_15.381	99	22.993675197859986	53.871094501316925
200105_2.0020.AR_15.381	100	22.994264473855072	53.869841811981225
200105_2.0022.189/2	0	22.975868477792368	53.904026326272685
200105_2.0022.189/2	1	22.97499960493168	53.904424611483115
200105_2.0022.189/2	2	22.975363248420525	53.90465603936404
200105_2.0022.189/2	3	22.976328505345695	53.90536299279746
200105_2.0022.189/2	4	22.976644332887325	53.905191813845875
200105_2.0022.189/2	5	22.977251234015203	53.90484088600688
200105_2.0022.189/2	6	22.97640954090452	53.90434516651147
200105_2.0022.189/2	7	22.975868477792368	53.904026326272685
200105_2.0020.AR_12.358	0	22.975784081676224	53.9065680803429
200105_2.0020.AR_12.358	1	22.97568157784403	53.90648471816907
200105_2.0020.AR_12.358	2	22.975577717244917	53.906326224769906
200105_2.0020.AR_12.358	3	22.975435132746654	53.90620801572268
200105_2.0020.AR_12.358	4	22.97508455345503	53.906412051714845
200105_2.0020.AR_12.358	5	22.975131978485656	53.90653232434807
200105_2.0020.AR_12.358	6	22.975235588923713	53.90662638929493
200105_2.0020.AR_12.358	7	22.975416572398977	53.90666171965549
200105_2.0020.AR_12.358	8	22.975650636202353	53.90675420169186
200105_2.0020.AR_12.358	9	22.9759258018683	53.90690211551452
200105_2.0020.AR_12.358	10	22.975910543699964	53.907040633060376
200105_2.0020.AR_12.358	11	22.97560979678877	53.90780750376622
200105_2.0020.AR_12.358	12	22.975615199169592	53.90789767533482
200105_2.0020.AR_12.358	13	22.975629607306274	53.907992955665016
200105_2.0020.AR_12.358	14	22.975687946644857	53.90800315780739
200105_2.0020.AR_12.358	15	22.97597067016371	53.90835879292654
200105_2.0020.AR_12.358	16	22.976329435802093	53.90880996348491
200105_2.0020.AR_12.358	17	22.97874310156475	53.91184536037743
200105_2.0020.AR_12.358	18	22.97898187070641	53.912258032000096
200105_2.0020.AR_12.358	19	22.97900610570096	53.91228151072679
200105_2.0020.AR_12.358	20	22.979145013363908	53.91227092065255
200105_2.0020.AR_12.358	21	22.97888731534164	53.911816844570374
200105_2.0020.AR_12.358	22	22.978893346735198	53.91161328256005
200105_2.0020.AR_12.358	23	22.979114724558595	53.91148478412788
200105_2.0020.AR_12.358	24	22.97918245529188	53.91144088132606
200105_2.0020.AR_12.358	25	22.979492089663747	53.91138780267558
200105_2.0020.AR_12.358	26	22.979766368687148	53.91130539940101
200105_2.0020.AR_12.358	27	22.97997730016894	53.91119945429712
200105_2.0020.AR_12.358	28	22.980270111660772	53.911080905555934
200105_2.0020.AR_12.358	29	22.980619074701696	53.910906313509564
200105_2.0020.AR_12.358	30	22.980573670344718	53.91083970429439
200105_2.0020.AR_12.358	31	22.980514637553668	53.910689054008
200105_2.0020.AR_12.358	32	22.98048785281417	53.910639046461185
200105_2.0020.AR_12.358	33	22.98037838595272	53.91052211308351
200105_2.0020.AR_12.358	34	22.98021590913441	53.910413445415195
200105_2.0020.AR_12.358	35	22.98002447652173	53.9103376883607
200105_2.0020.AR_12.358	36	22.979853309816797	53.91024844509141
200105_2.0020.AR_12.358	37	22.979574603831285	53.91016313992912
200105_2.0020.AR_12.358	38	22.97949344313548	53.91010880622964
200105_2.0020.AR_12.358	39	22.979366757788178	53.91004285353731
200105_2.0020.AR_12.358	40	22.979310445836155	53.90999304400637
200105_2.0020.AR_12.358	41	22.979346606665967	53.90987689821056
200105_2.0020.AR_12.358	42	22.979465397109976	53.90972982546718
200105_2.0020.AR_12.358	43	22.97948193488646	53.90961953318587
200105_2.0020.AR_12.358	44	22.979488781669666	53.90952596158029
200105_2.0020.AR_12.358	45	22.97963698027838	53.90931489167031
200105_2.0020.AR_12.358	46	22.979590988776543	53.90916012846874
200105_2.0020.AR_12.358	47	22.979479863860533	53.908992860846155
200105_2.0020.AR_12.358	48	22.979340427682157	53.908832091647355
200105_2.0020.AR_12.358	49	22.979284943213475	53.90874841346087
200105_2.0020.AR_12.358	50	22.979217381742433	53.9086919487584
200105_2.0020.AR_12.358	51	22.979211266268248	53.908686864839076
200105_2.0020.AR_12.358	52	22.97901121340445	53.90861552561684
200105_2.0020.AR_12.358	53	22.978906685192626	53.90857725670363
200105_2.0020.AR_12.358	54	22.978682045265554	53.908509481781024
200105_2.0020.AR_12.358	55	22.978317067839317	53.908492718648404
200105_2.0020.AR_12.358	56	22.978130674780452	53.90849778181933
200105_2.0020.AR_12.358	57	22.977787434709263	53.90840725067887
200105_2.0020.AR_12.358	58	22.97747654604474	53.90838789035418
200105_2.0020.AR_12.358	59	22.97718790237644	53.90833008068519
200105_2.0020.AR_12.358	60	22.977161410518047	53.90828699375377
200105_2.0020.AR_12.358	61	22.97712548136479	53.90802601573611
200105_2.0020.AR_12.358	62	22.977108881618218	53.907702662660704
200105_2.0020.AR_12.358	63	22.977113502462366	53.907594515522575
200105_2.0020.AR_12.358	64	22.977084645656483	53.907455172748094
200105_2.0020.AR_12.358	65	22.977004646836424	53.90734118288601
200105_2.0020.AR_12.358	66	22.97685281020026	53.90725254919243
200105_2.0020.AR_12.358	67	22.976724123370452	53.9071756141537
200105_2.0020.AR_12.358	68	22.976685405640797	53.907128469249805
200105_2.0020.AR_12.358	69	22.97633765867559	53.90693033794407
200105_2.0020.AR_12.358	70	22.97606405400859	53.90677453106361
200105_2.0020.AR_12.358	71	22.975891210031666	53.90665525581974
200105_2.0020.AR_12.358	72	22.975784081676224	53.9065680803429
200105_2.0020.AR_12.358	73	22.97650269481406	53.9072321331891
200105_2.0020.AR_12.358	74	22.976553366381292	53.907263385692396
200105_2.0020.AR_12.358	75	22.976792925019726	53.907448823313274
200105_2.0020.AR_12.358	76	22.976851472596586	53.90749407047049
200105_2.0020.AR_12.358	77	22.976854223073023	53.90794813577707
200105_2.0020.AR_12.358	78	22.97698842712719	53.908353630809565
200105_2.0020.AR_12.358	79	22.97716728496101	53.90840781011134
200105_2.0020.AR_12.358	80	22.977451028174094	53.90847312598824
200105_2.0020.AR_12.358	81	22.97775417036383	53.90850437125774
200105_2.0020.AR_12.358	82	22.978142171675252	53.90859411530931
200105_2.0020.AR_12.358	83	22.978328799770082	53.90857943954006
200105_2.0020.AR_12.358	84	22.978692459572258	53.908612814762684
200105_2.0020.AR_12.358	85	22.978918321000517	53.90866173031737
200105_2.0020.AR_12.358	86	22.97902338380057	53.908690568898514
200105_2.0020.AR_12.358	87	22.979127159201923	53.90873476179453
200105_2.0020.AR_12.358	88	22.979145833332694	53.90878649783226
200105_2.0020.AR_12.358	89	22.979188001588962	53.90887329768467
200105_2.0020.AR_12.358	90	22.97931488861714	53.90903692562948
200105_2.0020.AR_12.358	91	22.97946994123684	53.909193873922874
200105_2.0020.AR_12.358	92	22.97951550713284	53.90928492575304
200105_2.0020.AR_12.358	93	22.97938363759977	53.90950035753988
200105_2.0020.AR_12.358	94	22.97934907794643	53.909588302225046
200105_2.0020.AR_12.358	95	22.979231159127767	53.909849409341255
200105_2.0020.AR_12.358	96	22.979281740602495	53.910096763206205
200105_2.0020.AR_12.358	97	22.979285936035506	53.91011818456199
200105_2.0020.AR_12.358	98	22.979402101861147	53.91019114653662
200105_2.0020.AR_12.358	99	22.979503217030363	53.91023226137034
200105_2.0020.AR_12.358	100	22.979781151598388	53.910318009420905
200105_2.0020.AR_12.358	101	22.979961909750863	53.910400864652225
200105_2.0020.AR_12.358	102	22.980142670809197	53.910483629776316
200105_2.0020.AR_12.358	103	22.980236004662675	53.91055684628117
200105_2.0020.AR_12.358	104	22.98041307983846	53.91070975708914
200105_2.0020.AR_12.358	105	22.98043971237489	53.910759763359856
200105_2.0020.AR_12.358	106	22.980435829245653	53.91091293456975
200105_2.0020.AR_12.358	107	22.980264575510716	53.91102703490184
200105_2.0020.AR_12.358	108	22.979969225826963	53.911118605319764
200105_2.0020.AR_12.358	109	22.979686853096933	53.911239668140176
200105_2.0020.AR_12.358	110	22.979421376534393	53.91132933451615
200105_2.0020.AR_12.358	111	22.979120696811336	53.911389677582726
200105_2.0020.AR_12.358	112	22.979026554479585	53.91144943997336
200105_2.0020.AR_12.358	113	22.97880517438415	53.91157802808051
200105_2.0020.AR_12.358	114	22.978731382908755	53.911620800853036
200105_2.0020.AR_12.358	115	22.976757584518374	53.90913745352177
200105_2.0020.AR_12.358	116	22.976671079332476	53.908965810408944
200105_2.0020.AR_12.358	117	22.976349351980463	53.90856806150773
200105_2.0020.AR_12.358	118	22.97629529044966	53.90849490718158
200105_2.0020.AR_12.358	119	22.976056069205892	53.90817109340475
200105_2.0020.AR_12.358	120	22.975855000507188	53.90789900212976
200105_2.0020.AR_12.358	121	22.975849417879978	53.90782239727877
200105_2.0020.AR_12.358	122	22.97613974449917	53.907008532346396
200105_2.0020.AR_12.358	123	22.97650269481406	53.9072321331891
200105_2.0022.21/3	0	22.97943229886956	53.921972391540436
200105_2.0022.21/3	1	22.97856546431376	53.92194273748232
200105_2.0022.21/3	2	22.978524354902422	53.9219866866634
200105_2.0022.21/3	3	22.978420275531665	53.92203468281126
200105_2.0022.21/3	4	22.976497076367743	53.922149765943544
200105_2.0022.21/3	5	22.97521522884238	53.92195355164499
200105_2.0022.21/3	6	22.974560099928485	53.921801674184756
200105_2.0022.21/3	7	22.97318010943198	53.9217533112163
200105_2.0022.21/3	8	22.97280959728737	53.92257744423991
200105_2.0022.21/3	9	22.97273870733867	53.92268080092772
200105_2.0022.21/3	10	22.979377874583346	53.92291792944876
200105_2.0022.21/3	11	22.979450095125546	53.92197299205744
200105_2.0022.21/3	12	22.97943229886956	53.921972391540436
200105_2.0022.104/2	0	22.974814412073783	53.91100551553
200105_2.0022.104/2	1	22.97391033728666	53.90948093591512
200105_2.0022.104/2	2	22.973898501799994	53.90946088676294
200105_2.0022.104/2	3	22.973378881247143	53.909699235759724
200105_2.0022.104/2	4	22.972478088114908	53.91012733172511
200105_2.0022.104/2	5	22.972226978517003	53.910251340286095
200105_2.0022.104/2	6	22.971753455497527	53.91047713760939
200105_2.0022.104/2	7	22.971034429796173	53.910821236419004
200105_2.0022.104/2	8	22.97094372241552	53.91086466817883
200105_2.0022.104/2	9	22.970495799600045	53.91107621316941
200105_2.0022.104/2	10	22.971241370666565	53.91173298028307
200105_2.0022.104/2	11	22.971823191432247	53.91137413720691
200105_2.0022.104/2	12	22.972793286461417	53.912328083272975
200105_2.0022.104/2	13	22.974453315022007	53.91209669669799
200105_2.0022.104/2	14	22.975327152432225	53.91197485425423
200105_2.0022.104/2	15	22.97506375185731	53.91142601302919
200105_2.0022.104/2	16	22.974814412073783	53.91100551553
200105_2.0022.35/1	0	22.980033997599023	53.915805135005286
200105_2.0022.35/1	1	22.979896324631518	53.91567717905741
200105_2.0022.35/1	2	22.979818256344203	53.915689095636026
200105_2.0022.35/1	3	22.977694144590103	53.91601562770061
200105_2.0022.35/1	4	22.977872759695966	53.91639894536322
200105_2.0022.35/1	5	22.977911101199652	53.91639334123725
200105_2.0022.35/1	6	22.980553866317933	53.91600804099588
200105_2.0022.35/1	7	22.980033997599023	53.915805135005286
200105_2.0022.111/1	0	22.982149895671782	53.919957889040056
200105_2.0022.111/1	1	22.982162954119968	53.91988413835509
200105_2.0022.111/1	2	22.979570916767756	53.91994013534082
200105_2.0022.111/1	3	22.97951136626417	53.919941426412215
200105_2.0022.111/1	4	22.979891681752314	53.92075677344923
200105_2.0022.111/1	5	22.97996570096147	53.921048714320335
200105_2.0022.111/1	6	22.97995340885313	53.92120325153384
200105_2.0022.111/1	7	22.980257235073715	53.921191544842245
200105_2.0022.111/1	8	22.980428738878384	53.921212589601815
200105_2.0022.111/1	9	22.980882033802143	53.92134538019097
200105_2.0022.111/1	10	22.981434867608684	53.92156033273627
200105_2.0022.111/1	11	22.98149931035519	53.92155827349377
200105_2.0022.111/1	12	22.98167343606526	53.92145291179069
200105_2.0022.111/1	13	22.98173998052161	53.92135822905631
200105_2.0022.111/1	14	22.981864955330494	53.921277070755345
200105_2.0022.111/1	15	22.981799918306425	53.92100955816383
200105_2.0022.111/1	16	22.98199747713919	53.92027252960665
200105_2.0022.111/1	17	22.982149895671782	53.919957889040056
200105_2.0011.216	0	22.975087757221065	53.93880155430569
200105_2.0011.216	1	22.975236537113258	53.93869005514194
200105_2.0011.216	2	22.975329470622533	53.93862022159646
200105_2.0011.216	3	22.975723677234203	53.93832481450264
200105_2.0011.216	4	22.976212823354828	53.93795815131082
200105_2.0011.216	5	22.976459622934588	53.937761494409344
200105_2.0011.216	6	22.976989874596416	53.93733874911871
200105_2.0011.216	7	22.97750225279299	53.93693031607507
200105_2.0011.216	8	22.978008410152317	53.93652676997708
200105_2.0011.216	9	22.978021610581145	53.93651627935143
200105_2.0011.216	10	22.978412671543072	53.936204662734724
200105_2.0011.216	11	22.978474641685942	53.936155140309666
200105_2.0011.216	12	22.978697277805722	53.935905707871115
200105_2.0011.216	13	22.978816835834234	53.935817677661525
200105_2.0011.216	14	22.97883182723631	53.93575877007342
200105_2.0011.216	15	22.978431278946974	53.93575464506573
200105_2.0011.216	16	22.97838488945077	53.935820923259925
200105_2.0011.216	17	22.978280665192315	53.93597315043877
200105_2.0011.216	18	22.978065430395194	53.93614393169054
200105_2.0011.216	19	22.978034215636914	53.93616873577584
200105_2.0011.216	20	22.97798157976119	53.93621016055413
200105_2.0011.216	21	22.977893545640967	53.93627931898947
200105_2.0011.216	22	22.97759839168501	53.93651106013932
200105_2.0011.216	23	22.97708275356048	53.936916051325404
200105_2.0011.216	24	22.9765627587602	53.937324417696345
200105_2.0011.216	25	22.976026297905467	53.93774558064088
200105_2.0011.216	26	22.975920086947344	53.93782913926094
200105_2.0011.216	27	22.975770380818236	53.93794135021292
200105_2.0011.216	28	22.975280613203164	53.93830836573807
200105_2.0011.216	29	22.974885465858254	53.938604751771564
200105_2.0011.216	30	22.974791918205586	53.93867475944543
200105_2.0011.216	31	22.974539186841934	53.938864353574495
200105_2.0011.216	32	22.974442224410954	53.938936937632405
200105_2.0011.216	33	22.97413659041504	53.939165975035074
200105_2.0011.216	34	22.973130757971393	53.93992007337764
200105_2.0011.216	35	22.972571126779982	53.940339315640756
200105_2.0011.216	36	22.97220092395298	53.94061685690645
200105_2.0011.216	37	22.972080832839865	53.940706852829955
200105_2.0011.216	38	22.97231508195609	53.94087976234542
200105_2.0011.216	39	22.97248404441349	53.940753253675226
200105_2.0011.216	40	22.973013125410993	53.94035657390361
200105_2.0011.216	41	22.97357555051212	53.93993501723223
200105_2.0011.216	42	22.974581059808372	53.93918136171556
200105_2.0011.216	43	22.974887000422804	53.938952146097606
200105_2.0011.216	44	22.974983500938407	53.938879737452744
200105_2.0011.216	45	22.975087757221065	53.93880155430569
200105_2.0023.AR_1.46	0	22.957694644302727	53.956409660145496
200105_2.0023.AR_1.46	1	22.957596099862798	53.95646343718445
200105_2.0023.AR_1.46	2	22.95706289068401	53.95638872222311
200105_2.0023.AR_1.46	3	22.95707339478831	53.95636464231943
200105_2.0023.AR_1.46	4	22.95758061249962	53.956436885326106
200105_2.0023.AR_1.46	5	22.95764892742921	53.95639785186353
200105_2.0023.AR_1.46	6	22.95772215685689	53.95607015572721
200105_2.0023.AR_1.46	7	22.957128227541833	53.955596046220904
200105_2.0023.AR_1.46	8	22.957039691799608	53.955590694997234
200105_2.0023.AR_1.46	9	22.95699238090642	53.95558785815836
200105_2.0023.AR_1.46	10	22.956795614874157	53.95657357034024
200105_2.0023.AR_1.46	11	22.95819893522973	53.957577121932594
200105_2.0023.AR_1.46	12	22.959176752719724	53.95711951774411
200105_2.0023.AR_1.46	13	22.957761366016182	53.95609853076743
200105_2.0023.AR_1.46	14	22.957694644302727	53.956409660145496
200105_2.0011.151	0	22.979200539191766	53.930965776770805
200105_2.0011.151	1	22.97920362855685	53.93092653615667
200105_2.0011.151	2	22.979220268354332	53.93071264167843
200105_2.0011.151	3	22.979239184447998	53.930467856229015
200105_2.0011.151	4	22.97925956490585	53.93020672950291
200105_2.0011.151	5	22.979261590467924	53.930179879907925
200105_2.0011.151	6	22.979292213209742	53.929786033700374
200105_2.0011.151	7	22.97930530716169	53.92961757595276
200105_2.0011.151	8	22.979306187897823	53.92960644134833
200105_2.0011.151	9	22.979323537521868	53.92938212960131
200105_2.0011.151	10	22.97933999307588	53.9291694914699
200105_2.0011.151	11	22.979381505755367	53.92863502390048
200105_2.0011.151	12	22.97942281026951	53.928102800895154
200105_2.0011.151	13	22.97948417127601	53.927310077194285
200105_2.0011.151	14	22.97951453863663	53.92692027209518
200105_2.0011.151	15	22.97914974736315	53.926908006545766
200105_2.0011.151	16	22.979120611896093	53.92729710319385
200105_2.0011.151	17	22.979062044456487	53.92808113449405
200105_2.0011.151	18	22.979021603591775	53.92862145173942
200105_2.0011.151	19	22.978981736679287	53.92915692160658
200105_2.0011.151	20	22.978935491362588	53.92977275791868
200105_2.0011.151	21	22.97890407266211	53.93019283510461
200105_2.0011.151	22	22.97881296435215	53.9313239708109
200105_2.0011.151	23	22.97881032162214	53.931357374601525
200105_2.0011.151	24	22.978805788956713	53.931412058085165
200105_2.0011.151	25	22.97880312208693	53.93144645008088
200105_2.0011.151	26	22.97879004210771	53.931607988976594
200105_2.0011.151	27	22.97877448242948	53.931802483763285
200105_2.0011.151	28	22.978759453000524	53.931987727931414
200105_2.0011.151	29	22.97874676706438	53.93214558608347
200105_2.0011.151	30	22.9787291010817	53.932363964508646
200105_2.0011.151	31	22.978726874557257	53.932392789199646
200105_2.0011.151	32	22.97871380490874	53.932553878874835
200105_2.0011.151	33	22.978710968091693	53.93258898826178
200105_2.0011.151	34	22.97870723933166	53.93263568142628
200105_2.0011.151	35	22.9787025879098	53.93269521608408
200105_2.0011.151	36	22.978692392208192	53.93281966913629
200105_2.0011.151	37	22.978689531220784	53.93285576672654
200105_2.0011.151	38	22.97868406018869	53.93292392054185
200105_2.0011.151	39	22.978659360895335	53.93323074680515
200105_2.0011.151	40	22.97864516090647	53.933406922566846
200105_2.0011.151	41	22.9786314034888	53.933577441188845
200105_2.0011.151	42	22.978625318420292	53.93365825939914
200105_2.0011.151	43	22.978598693280066	53.93400649262652
200105_2.0011.151	44	22.978566288178378	53.93442925673806
200105_2.0011.151	45	22.97854506685194	53.93470583118668
200105_2.0011.151	46	22.97854480928411	53.93471014205986
200105_2.0011.151	47	22.978524233095868	53.93497899440785
200105_2.0011.151	48	22.97849891240637	53.93531115450736
200105_2.0011.151	49	22.978494918966426	53.93536242802517
200105_2.0011.151	50	22.978478588769608	53.93557587561945
200105_2.0011.151	51	22.978474818279267	53.935611785743596
200105_2.0011.151	52	22.978464954346055	53.935703893572345
200105_2.0011.151	53	22.978431278946974	53.93575464506573
200105_2.0011.151	54	22.97883182723631	53.93575877007342
200105_2.0011.151	55	22.978843640545822	53.93558679727276
200105_2.0011.151	56	22.978857486916414	53.9354063953363
200105_2.0011.151	57	22.978858795250417	53.93539023247312
200105_2.0011.151	58	22.978875590238793	53.935170139474494
200105_2.0011.151	59	22.978889412181662	53.93499072572591
200105_2.0011.151	60	22.97891042212623	53.93471648568339
200105_2.0011.151	61	22.9789178348485	53.93461869607329
200105_2.0011.151	62	22.978931656397275	53.934439282301895
200105_2.0011.151	63	22.978934358478124	53.93440345293111
200105_2.0011.151	64	22.978942405470242	53.93429839041196
200105_2.0011.151	65	22.97895306234553	53.93416127166527
200105_2.0011.151	66	22.978963789330024	53.93402127813487
200105_2.0011.151	67	22.97899098659748	53.93366819750583
200105_2.0011.151	68	22.97899857089289	53.93356960063456
200105_2.0011.151	69	22.97901015433158	53.93341946069603
200105_2.0011.151	70	22.9790237416378	53.9332433695449
200105_2.0011.151	71	22.979047694620306	53.93293581802973
200105_2.0011.151	72	22.979052786024045	53.93287071606084
200105_2.0011.151	73	22.979063226279703	53.932736201244126
200105_2.0011.151	74	22.97907432711585	53.93259333547569
200105_2.0011.151	75	22.97907635293226	53.93256648589545
200105_2.0011.151	76	22.97908898421637	53.93240458376077
200105_2.0011.151	77	22.97910811779898	53.93215719443156
200105_2.0011.151	78	22.97912033251462	53.93199987137485
200105_2.0011.151	79	22.979134764570492	53.93181408295743
200105_2.0011.151	80	22.97913762070543	53.93177816502211
200105_2.0011.151	81	22.979149691718174	53.931620481310006
200105_2.0011.151	82	22.979163630458242	53.93144241626168
200105_2.0011.151	83	22.97917784847257	53.93125914195958
200105_2.0011.151	84	22.9791883119748	53.93112363888665
200105_2.0011.151	85	22.979200539191766	53.930965776770805
200105_2.0011.215/7	0	22.972979810960787	53.935810050445056
200105_2.0011.215/7	1	22.97276184209583	53.935756519507834
200105_2.0011.215/7	2	22.972692178693176	53.93573462792178
200105_2.0011.215/7	3	22.972544548805935	53.9357250984119
200105_2.0011.215/7	4	22.972625968330767	53.93574574281076
200105_2.0011.215/7	5	22.97286970003577	53.93582294660753
200105_2.0011.215/7	6	22.972969579524708	53.935854621153325
200105_2.0011.215/7	7	22.974188770641387	53.93591535922584
200105_2.0011.215/7	8	22.9744160916818	53.9359229613968
200105_2.0011.215/7	9	22.975000352031973	53.93591842419849
200105_2.0011.215/7	10	22.975708918165545	53.93594935896825
200105_2.0011.215/7	11	22.97586140927152	53.93597186522428
200105_2.0011.215/7	12	22.975929879598585	53.935974156292076
200105_2.0011.215/7	13	22.976249390870024	53.93602908613588
200105_2.0011.215/7	14	22.976542388486497	53.936072287699915
200105_2.0011.215/7	15	22.97663232952205	53.93608707152102
200105_2.0011.215/7	16	22.976881828469608	53.93612810451111
200105_2.0011.215/7	17	22.97773746135599	53.9361919090865
200105_2.0011.215/7	18	22.97798157976119	53.93621016055413
200105_2.0011.215/7	19	22.978034215636914	53.93616873577584
200105_2.0011.215/7	20	22.97774692655335	53.93614733147293
200105_2.0011.215/7	21	22.977459790022472	53.93612592778026
200105_2.0011.215/7	22	22.976896764559864	53.93608402284048
200105_2.0011.215/7	23	22.976546987344204	53.9360274889973
200105_2.0011.215/7	24	22.97642609754613	53.93600794859258
200105_2.0011.215/7	25	22.975942391648978	53.9359296047898
200105_2.0011.215/7	26	22.974194287695802	53.93587047858873
200105_2.0011.215/7	27	22.972979810960787	53.935810050445056
200105_2.0022.653	0	22.97910917149972	53.92137111636003
200105_2.0022.653	1	22.979363639241225	53.921304809333435
200105_2.0022.653	2	22.97950211465218	53.9213006846781
200105_2.0022.653	3	22.979508141143384	53.92122211216949
200105_2.0022.653	4	22.97939007993608	53.921225601628414
200105_2.0022.653	5	22.97935445519094	53.92122574813256
200105_2.0022.653	6	22.979128381060484	53.92122643229981
200105_2.0022.653	7	22.97887426115461	53.92134710447578
200105_2.0022.653	8	22.97866319655515	53.92151864119985
200105_2.0022.653	9	22.978516863991548	53.92173233136879
200105_2.0022.653	10	22.978329880350767	53.9219337247161
200105_2.0022.653	11	22.97856546431376	53.92194273748232
200105_2.0022.653	12	22.978604383652034	53.92190119576331
200105_2.0022.653	13	22.97862761862038	53.9218349001788
200105_2.0022.653	14	22.978854429810447	53.92160455209059
200105_2.0022.653	15	22.97888952184337	53.92152020642982
200105_2.0022.653	16	22.97910917149972	53.92137111636003
200105_2.0010.AR_1.42/2	0	22.964410468086843	53.946874510659576
200105_2.0010.AR_1.42/2	1	22.964375846771155	53.94690089924616
200105_2.0010.AR_1.42/2	2	22.96502310808113	53.947194194872615
200105_2.0010.AR_1.42/2	3	22.9650499211156	53.947187866443386
200105_2.0010.AR_1.42/2	4	22.964450950712905	53.94689435828709
200105_2.0010.AR_1.42/2	5	22.964410468086843	53.946874510659576
200105_2.0022.506	0	23.001401475343584	53.904309603243014
200105_2.0022.506	1	23.0014558367983	53.904231431584684
200105_2.0022.506	2	23.001475380730128	53.90420310985229
200105_2.0022.506	3	23.00173950407335	53.90395568688524
200105_2.0022.506	4	23.00175144923488	53.90388866395798
200105_2.0022.506	5	23.001695570955828	53.90385818754058
200105_2.0022.506	6	23.001691606464316	53.903794716418645
200105_2.0022.506	7	23.001615179721455	53.903777277901106
200105_2.0022.506	8	23.001548950230184	53.90375336466483
200105_2.0022.506	9	23.0014725214806	53.90373601589489
200105_2.0022.506	10	23.001385741316643	53.90372523030641
200105_2.0022.506	11	23.00116680926405	53.90366653049295
200105_2.0022.506	12	23.001059174165874	53.90366886982281
200105_2.0022.506	13	23.00077273787416	53.90381825270089
200105_2.0022.506	14	23.00072300280997	53.90383643891771
200105_2.0022.506	15	23.000631055718326	53.903869998524414
200105_2.0022.506	16	23.000546277935037	53.90390918879742
200105_2.0022.506	17	23.000436932106506	53.90391942063793
200105_2.0022.506	18	23.000360567399053	53.90391851529686
200105_2.0022.506	19	23.000290580285167	53.90388630334984
200105_2.0022.506	20	23.000253422287308	53.90384295304293
200105_2.0022.506	21	23.000202778235607	53.90356784226786
200105_2.0022.506	22	23.000196144839776	53.90355251155034
200105_2.0022.506	23	23.000130102536048	53.9033997459153
200105_2.0022.506	24	23.000084835901344	53.90339649355164
200105_2.0022.506	25	23.000003832470174	53.903417833578295
200105_2.0022.506	26	22.99993760381213	53.90341305873167
200105_2.0022.506	27	22.99961238101594	53.90338977241442
200105_2.0022.506	28	22.99955086209453	53.903385306163244
200105_2.0022.506	29	22.999466084297065	53.90342449567654
200105_2.0022.506	30	22.9993004545592	53.903485025946594
200105_2.0022.506	31	22.99915557164267	53.90355606234825
200105_2.0022.506	32	22.999076086612902	53.903577504264405
200105_2.0022.506	33	22.998915619510147	53.903676625172
200105_2.0022.506	34	22.998699062415056	53.90369692387231
200105_2.0022.506	35	22.998624241402336	53.90368875198104
200105_2.0022.506	36	22.998499613650864	53.90370172998508
200105_2.0022.506	37	22.99839901481731	53.903677079033336
200105_2.0022.506	38	22.998369814997787	53.90363190755051
200105_2.0022.506	39	22.998330274999706	53.903580090322926
200105_2.0022.506	40	22.998335444495332	53.90350393574878
200105_2.0022.506	41	22.99843094613001	53.903366354551046
200105_2.0022.506	42	22.998534124626907	53.90319406312209
200105_2.0022.506	43	22.998522946942145	53.90312064756724
200105_2.0022.506	44	22.99849374736894	53.90307547611155
200105_2.0022.506	45	22.998408585231555	53.90306074820354
200105_2.0022.506	46	22.998288067235958	53.90301014236837
200105_2.0022.506	47	22.997962385380088	53.902859971354644
200105_2.0022.506	48	22.997709924834094	53.902810240509545
200105_2.0022.506	49	22.997619140746973	53.902776146109105
200105_2.0022.506	50	22.997558123120832	53.90273807694853
200105_2.0022.506	51	22.997586091584015	53.90268844049309
200105_2.0022.506	52	22.99764233686838	53.902588990424995
200105_2.0022.506	53	22.99765221407784	53.90244970653766
200105_2.0022.506	54	22.9976622454941	53.9023103340782
200105_2.0022.506	55	22.997703532129673	53.90221282577906
200105_2.0022.506	56	22.997677961103697	53.90212419419351
200105_2.0022.506	57	22.997607914393644	53.90202476801132
200105_2.0022.506	58	22.997554316261557	53.90195647937647
200105_2.0022.506	59	22.997073768669253	53.90171659462601
200105_2.0022.506	60	22.99651333002316	53.90133766223746
200105_2.0022.506	61	22.995977072421976	53.90105480556701
200105_2.0022.506	62	22.995790900538076	53.90089986462421
200105_2.0022.506	63	22.995733888120636	53.90080917248452
200105_2.0022.506	64	22.995678529421813	53.90080179051583
200105_2.0022.506	65	22.995538470513488	53.900811401527235
200105_2.0022.506	66	22.995450329595034	53.90082593957722
200105_2.0022.506	67	22.995310260404175	53.900861338864395
200105_2.0022.506	68	22.995269618455175	53.90088741637715
200105_2.0022.506	69	22.995191739311053	53.90093717374882
200105_2.0022.506	70	22.994933994338542	53.901101878670914
200105_2.0022.506	71	22.994875029099376	53.90112429828215
200105_2.0022.506	72	22.994304518127674	53.90115321668143
200105_2.0022.506	73	22.994277555600515	53.9011545183756
200105_2.0022.506	74	22.994208121493433	53.90116301216436
200105_2.0022.506	75	22.99419662807429	53.901166420257866
200105_2.0022.506	76	22.994134707307964	53.90117884074803
200105_2.0022.506	77	22.99400660682591	53.90127328423133
200105_2.0022.506	78	22.994039734774173	53.90136368722216
200105_2.0022.506	79	22.99416192627252	53.90166725559736
200105_2.0022.506	80	22.99415422692614	53.90175974261212
200105_2.0022.506	81	22.994055450753503	53.901805190811274
200105_2.0022.506	82	22.99403852482505	53.9018130461655
200105_2.0022.506	83	22.993803485835876	53.90193157330506
200105_2.0022.506	84	22.993727377526938	53.90200246069622
200105_2.0022.506	85	22.99371237162328	53.90203171778724
200105_2.0022.506	86	22.993728244402142	53.90212467190512
200105_2.0022.506	87	22.993692811863454	53.902193474072256
200105_2.0022.506	88	22.993611309387237	53.90219755328943
200105_2.0022.506	89	22.993503391713187	53.90220545452588
200105_2.0022.506	90	22.99342426639527	53.90219293021351
200105_2.0022.506	91	22.993344338516085	53.90217581647181
200105_2.0022.506	92	22.99326249260884	53.902149880721076
200105_2.0022.506	93	22.993184195837035	53.90206493938624
200105_2.0022.506	94	22.992919392881475	53.901965764057266
200105_2.0022.506	95	22.992580030990908	53.90210704579971
200105_2.0022.506	96	22.99254024917905	53.90213519629634
200105_2.0022.506	97	22.992519473193216	53.902170245453654
200105_2.0022.506	98	22.992313108966624	53.902399443145654
200105_2.0022.506	99	22.992269556864947	53.902451463564425
200105_2.0022.506	100	22.99217120097348	53.90249826158778
200105_2.0022.506	101	22.991953861741415	53.902551159221105
200105_2.0022.506	102	22.99190459949796	53.902694964242414
200105_2.0022.506	103	22.9915098926822	53.90277728211371
200105_2.0022.506	104	22.99125167107425	53.90291016620763
200105_2.0022.506	105	22.990966191854792	53.902987020192725
200105_2.0022.506	106	22.990900838211157	53.902977575203224
200105_2.0022.506	107	22.990675361645778	53.90302069770969
200105_2.0022.506	108	22.9905964374467	53.90305660553332
200105_2.0022.506	109	22.99039415267096	53.903172795587345
200105_2.0022.506	110	22.99025821180441	53.903269954699454
200105_2.0022.506	111	22.990241326773333	53.90346533902653
200105_2.0022.506	112	22.990102763234717	53.90355762369019
200105_2.0022.506	113	22.989920654574274	53.90365097955975
200105_2.0022.506	114	22.989777183609046	53.90369434098242
200105_2.0022.506	115	22.989544803658713	53.903619781984176
200105_2.0022.506	116	22.989298451937174	53.90353782659404
200105_2.0022.506	117	22.98900896684938	53.903439962436345
200105_2.0022.506	118	22.988877986583	53.90340085042631
200105_2.0022.506	119	22.98879013854715	53.90337773647062
200105_2.0022.506	120	22.988711450284327	53.903391181083194
200105_2.0022.506	121	22.988512545252238	53.90339238094798
200105_2.0022.506	122	22.988410454697508	53.903404549936994
200105_2.0022.506	123	22.98833322010581	53.90341450217126
200105_2.0022.506	124	22.988120276942237	53.903480279324555
200105_2.0022.506	125	22.988001180547894	53.90352240635904
200105_2.0022.506	126	22.987946374896342	53.90356759118103
200105_2.0022.506	127	22.987909889887867	53.90359765491708
200105_2.0022.506	128	22.987881993493698	53.903612335833444
200105_2.0022.506	129	22.9876276955276	53.90374587424637
200105_2.0022.506	130	22.987393786069116	53.90387311445669
200105_2.0022.506	131	22.986916747970646	53.904118530143045
200105_2.0022.506	132	22.98670919718525	53.90422532458445
200105_2.0022.506	133	22.986382435016832	53.904441635038864
200105_2.0022.506	134	22.98632691999121	53.904490856651805
200105_2.0022.506	135	22.986276054249434	53.904511453471784
200105_2.0022.506	136	22.986183539931748	53.904549040785604
200105_2.0022.506	137	22.985905060478874	53.904694142504766
200105_2.0022.506	138	22.985868844075434	53.904744425463655
200105_2.0022.506	139	22.985856623765443	53.90479661835971
200105_2.0022.506	140	22.98584795953298	53.90483392521721
200105_2.0022.506	141	22.9858417864606	53.90492543620308
200105_2.0022.506	142	22.98579876157321	53.905011783688586
200105_2.0022.506	143	22.985794779691275	53.90501911823439
200105_2.0022.506	144	22.985730358545908	53.905140688168174
200105_2.0022.506	145	22.985783327401865	53.90524060605405
200105_2.0022.506	146	22.98585858683828	53.90534376729228
200105_2.0022.506	147	22.985929503367895	53.90540007689878
200105_2.0022.506	148	22.985941277499407	53.905447979657325
200105_2.0022.506	149	22.985940262394912	53.90545219430925
200105_2.0022.506	150	22.985930759062377	53.90549272889296
200105_2.0022.506	151	22.985902445554835	53.90558108763155
200105_2.0022.506	152	22.9859067888157	53.905627939215556
200105_2.0022.506	153	22.985848903694652	53.90571209451571
200105_2.0022.506	154	22.985819967273407	53.90576333750415
200105_2.0022.506	155	22.985792304485653	53.90581225499166
200105_2.0022.506	156	22.98575309183068	53.90586682568246
200105_2.0022.506	157	22.985713315785077	53.9059948936876
200105_2.0022.506	158	22.985634179068146	53.90604544297891
200105_2.0022.506	159	22.98560666918303	53.906062912167044
200105_2.0022.506	160	22.985512684280557	53.906142179660876
200105_2.0022.506	161	22.985406191295173	53.90621010940547
200105_2.0022.506	162	22.985338849262195	53.9062574335034
200105_2.0022.506	163	22.985303866476425	53.90628184822724
200105_2.0022.506	164	22.98522295775251	53.90632384596818
200105_2.0022.506	165	22.985083978890017	53.90631314656188
200105_2.0022.506	166	22.98494925855561	53.90628999303234
200105_2.0022.506	167	22.984700424934505	53.90627872384561
200105_2.0022.506	168	22.98469488465344	53.90628128281645
200105_2.0022.506	169	22.98432968757306	53.906449908665536
200105_2.0022.506	170	22.9840836662457	53.90654846585129
200105_2.0022.506	171	22.984037719967777	53.90656685695805
200105_2.0022.506	172	22.98402619808162	53.90657134211336
200105_2.0022.506	173	22.98375954802356	53.90662946865992
200105_2.0022.506	174	22.98361017168295	53.90668346562195
200105_2.0022.506	175	22.983520886611714	53.906744440758175
200105_2.0022.506	176	22.98349139697223	53.90676818261476
200105_2.0022.506	177	22.983406451069982	53.90686351933985
200105_2.0022.506	178	22.98319838296221	53.90705333018553
200105_2.0022.506	179	22.983057118011356	53.90721809757063
200105_2.0022.506	180	22.983033978580583	53.907243510504586
200105_2.0022.506	181	22.982910142440765	53.90737985117263
200105_2.0022.506	182	22.982796251116298	53.9074576000912
200105_2.0022.506	183	22.982724141757686	53.90750676931757
200105_2.0022.506	184	22.98264061103542	53.90755000109681
200105_2.0022.506	185	22.982563383335634	53.90753425093188
200105_2.0022.506	186	22.98214508785566	53.90740742344289
200105_2.0022.506	187	22.981993116282734	53.90740523649149
200105_2.0022.506	188	22.981885997669064	53.907417177628304
200105_2.0022.506	189	22.98136496029617	53.907504051984965
200105_2.0022.506	190	22.981015225046093	53.907499107593836
200105_2.0022.506	191	22.980613949993838	53.90744843726349
200105_2.0022.506	192	22.980099663300678	53.90755791727811
200105_2.0022.506	193	22.97979456343515	53.907575992149305
200105_2.0022.506	194	22.979394954742265	53.90755687131562
200105_2.0022.506	195	22.979361375780417	53.907523518921096
200105_2.0022.506	196	22.978775523074148	53.907409991596396
200105_2.0022.506	197	22.978334119164128	53.90733264453957
200105_2.0022.506	198	22.977933874601042	53.90728359140529
200105_2.0022.506	199	22.97737986826791	53.90723718111205
200105_2.0022.506	200	22.97720280414777	53.90720943501381
200105_2.0022.506	201	22.976685405640797	53.907128469249805
200105_2.0022.506	202	22.976724123370452	53.9071756141537
200105_2.0022.506	203	22.97685281020026	53.90725254919243
200105_2.0022.506	204	22.976923345859085	53.907274266366976
200105_2.0022.506	205	22.97699023383948	53.90728957265157
200105_2.0022.506	206	22.977181968420414	53.90732103827064
200105_2.0022.506	207	22.97737855002104	53.90733475339538
200105_2.0022.506	208	22.977615313430256	53.90734818135965
200105_2.0022.506	209	22.977883974649863	53.90734534691257
200105_2.0022.506	210	22.97817117491753	53.90738723816328
200105_2.0022.506	211	22.978314017831895	53.90740804230292
200105_2.0022.506	212	22.978735740335	53.907468778401196
200105_2.0022.506	213	22.978758941911412	53.90747212069877
200105_2.0022.506	214	22.979345967787992	53.90758125513431
200105_2.0022.506	215	22.97939250870253	53.90761974964102
200105_2.0022.506	216	22.979791333147507	53.90765234219826
200105_2.0022.506	217	22.97980002957249	53.90765142767512
200105_2.0022.506	218	22.980097066172927	53.907620794330285
200105_2.0022.506	219	22.98012764644064	53.9076148540278
200105_2.0022.506	220	22.980372909986208	53.90756679747024
200105_2.0022.506	221	22.980610982739947	53.90752029676965
200105_2.0022.506	222	22.98069437862463	53.90753268603414
200105_2.0022.506	223	22.981011887654102	53.907579949552165
200105_2.0022.506	224	22.981197926904574	53.90760174582677
200105_2.0022.506	225	22.98136029273499	53.907620825011286
200105_2.0022.506	226	22.981796315294474	53.90754437189237
200105_2.0022.506	227	22.981881440818384	53.90752945881643
200105_2.0022.506	228	22.981988668954013	53.90751302581831
200105_2.0022.506	229	22.982111712763974	53.907522066155344
200105_2.0022.506	230	22.982140424668817	53.90752410667391
200105_2.0022.506	231	22.982359409363397	53.90753656585297
200105_2.0022.506	232	22.982712491512018	53.90761045412259
200105_2.0022.506	233	22.982772584286895	53.90761743286343
200105_2.0022.506	234	22.98283867560178	53.90756542709561
200105_2.0022.506	235	22.98289249749476	53.90751107096186
200105_2.0022.506	236	22.982984696506247	53.90741795257678
200105_2.0022.506	237	22.98309180125598	53.90730007029227
200105_2.0022.506	238	22.983107595642966	53.90728259231193
200105_2.0022.506	239	22.983131671925648	53.907256198883836
200105_2.0022.506	240	22.9832957834021	53.9071031264211
200105_2.0022.506	241	22.983509560802297	53.906916328986625
200105_2.0022.506	242	22.98359183453644	53.90683076385782
200105_2.0022.506	243	22.98360073355751	53.9068214941806
200105_2.0022.506	244	22.98362415052282	53.90679716175755
200105_2.0022.506	245	22.98370201225342	53.906730339080106
200105_2.0022.506	246	22.98386280977558	53.90668227929249
200105_2.0022.506	247	22.98401355412718	53.906640873413004
200105_2.0022.506	248	22.984092912591205	53.90663148104083
200105_2.0022.506	249	22.984104280164058	53.90662708442935
200105_2.0022.506	250	22.9841760458711	53.90659821889529
200105_2.0022.506	251	22.984421615208905	53.90649947798596
200105_2.0022.506	252	22.98478366605544	53.906353918210314
200105_2.0022.506	253	22.984827509055314	53.9063532106396
200105_2.0022.506	254	22.98501582181279	53.90635013016753
200105_2.0022.506	255	22.985158881573042	53.90638081214371
200105_2.0022.506	256	22.98528133438083	53.906376455727575
200105_2.0022.506	257	22.985370428055454	53.90634207500561
200105_2.0022.506	258	22.98541920864277	53.90630088395589
200105_2.0022.506	259	22.985464565821054	53.90626280891452
200105_2.0022.506	260	22.98555021185954	53.90617601296841
200105_2.0022.506	261	22.985669214466213	53.9061193309041
200105_2.0022.506	262	22.985771538262103	53.90604759176443
200105_2.0022.506	263	22.985861353929415	53.905964514908824
200105_2.0022.506	264	22.985932883424226	53.90583222225139
200105_2.0022.506	265	22.98593484837218	53.90582648807247
200105_2.0022.506	266	22.985967187426226	53.905728998030376
200105_2.0022.506	267	22.985995500901385	53.90564063927851
200105_2.0022.506	268	22.985991157540067	53.90559378769736
200105_2.0022.506	269	22.986026901738715	53.90550648010604
200105_2.0022.506	270	22.986029327426067	53.905500570104635
200105_2.0022.506	271	22.986044850938526	53.905462782029325
200105_2.0022.506	272	22.98606264796179	53.90541908266467
200105_2.0022.506	273	22.985894331092666	53.90525645973712
200105_2.0022.506	274	22.985856073595887	53.905158553135415
200105_2.0022.506	275	22.985891502537434	53.90507169219508
200105_2.0022.506	276	22.98590961470341	53.905027546232816
200105_2.0022.506	277	22.98593049704016	53.90493813630875
200105_2.0022.506	278	22.98593667209687	53.90484653548014
200105_2.0022.506	279	22.985939391150527	53.9048410772371
200105_2.0022.506	280	22.985979846486504	53.90476027906319
200105_2.0022.506	281	22.986023341363158	53.90471104595412
200105_2.0022.506	282	22.98613889861142	53.90465819813529
200105_2.0022.506	283	22.98635611571224	53.90455454138004
200105_2.0022.506	284	22.986481426261435	53.904494766817
200105_2.0022.506	285	22.986566865957016	53.904453974605154
200105_2.0022.506	286	22.986822304183217	53.904286212961495
200105_2.0022.506	287	22.987029852812864	53.9041795081632
200105_2.0022.506	288	22.987506740992885	53.9039340009096
200105_2.0022.506	289	22.987740187539124	53.90380702614528
200105_2.0022.506	290	22.987930371115286	53.90370718215253
200105_2.0022.506	291	22.98795694154819	53.90367811310971
200105_2.0022.506	292	22.987983664076175	53.90364904534302
200105_2.0022.506	293	22.98807001687348	53.903570340589326
200105_2.0022.506	294	22.98832359837288	53.90347264769889
200105_2.0022.506	295	22.988496973282476	53.903451195207396
200105_2.0022.506	296	22.988502925944	53.90345043665377
200105_2.0022.506	297	22.98869881102899	53.90346718253941
200105_2.0022.506	298	22.988772332541284	53.90348496425838
200105_2.0022.506	299	22.98886018079136	53.90350807822766
200105_2.0022.506	300	22.9889941793097	53.90352933435455
200105_2.0022.506	301	22.989284379772478	53.90362280162938
200105_2.0022.506	302	22.989531451070533	53.903700180452944
200105_2.0022.506	303	22.989848794920064	53.90373456992798
200105_2.0022.506	304	22.989986708567862	53.903688196427325
200105_2.0022.506	305	22.990170362400907	53.90359386503979
200105_2.0022.506	306	22.99032944949691	53.90351496170133
200105_2.0022.506	307	22.990326517139422	53.9033084482993
200105_2.0022.506	308	22.99046036063669	53.903209923637405
200105_2.0022.506	309	22.990675148782405	53.90309896036723
200105_2.0022.506	310	22.99074141532839	53.9030579141645
200105_2.0022.506	311	22.9909530113899	53.903016202428496
200105_2.0022.506	312	22.99103256633416	53.9030361900107
200105_2.0022.506	313	22.991317891476132	53.90295942442897
200105_2.0022.506	314	22.991594225755613	53.90285158239168
200105_2.0022.506	315	22.991604670087185	53.90284753674358
200105_2.0022.506	316	22.991989959784537	53.90275822059718
200105_2.0022.506	317	22.992024868342256	53.902603871761194
200105_2.0022.506	318	22.992259789015804	53.90254752733502
200105_2.0022.506	319	22.992370798301234	53.902506047072734
200105_2.0022.506	320	22.992384267895662	53.9024521567522
200105_2.0022.506	321	22.99258106229187	53.902215959742065
200105_2.0022.506	322	22.992584232364546	53.90221068484637
200105_2.0022.506	323	22.992601838249428	53.90218091057426
200105_2.0022.506	324	22.992715983126406	53.902097583479595
200105_2.0022.506	325	22.992932693670785	53.90203272837454
200105_2.0022.506	326	22.993063332536607	53.90207336065744
200105_2.0022.506	327	22.993274989239758	53.902212345460974
200105_2.0022.506	328	22.993355876217908	53.902233870226205
200105_2.0022.506	329	22.99338351033378	53.902242638221296
200105_2.0022.506	330	22.99343772234733	53.90225980591389
200105_2.0022.506	331	22.99351941645116	53.90228574027087
200105_2.0022.506	332	22.993785995269846	53.902228849552365
200105_2.0022.506	333	22.993838410245587	53.90221949453096
200105_2.0022.506	334	22.99384475291394	53.90214550647376
200105_2.0022.506	335	22.993828879868953	53.902052552370414
200105_2.0022.506	336	22.9939020626864	53.902033756788065
200105_2.0022.506	337	22.99399286657707	53.90196550838677
200105_2.0022.506	338	22.994139619243743	53.9018674472413
200105_2.0022.506	339	22.9941554846099	53.901859403276134
200105_2.0022.506	340	22.99429982409741	53.901785762507686
200105_2.0022.506	341	22.99434388218122	53.90169986994561
200105_2.0022.506	342	22.99415624133223	53.90138452148239
200105_2.0022.506	343	22.994137656585867	53.90129675633119
200105_2.0022.506	344	22.99427802814236	53.90127421032419
200105_2.0022.506	345	22.994359472686032	53.90128513610224
200105_2.0022.506	346	22.994920020933947	53.901195930619366
200105_2.0022.506	347	22.995002726799726	53.90121135931222
200105_2.0022.506	348	22.995352615807374	53.90092872575395
200105_2.0022.506	349	22.995497961171438	53.90090172715417
200105_2.0022.506	350	22.995578189314685	53.900874543053376
200105_2.0022.506	351	22.99562676681697	53.90086650299079
200105_2.0022.506	352	22.99571753567503	53.90093905710345
200105_2.0022.506	353	22.99583049448102	53.9011331919768
200105_2.0022.506	354	22.9963328454046	53.90143409644583
200105_2.0022.506	355	22.996870778437906	53.9018251518853
200105_2.0022.506	356	22.997452898448532	53.90201071417034
200105_2.0022.506	357	22.99744858333114	53.90203206382091
200105_2.0022.506	358	22.997484877184643	53.90214944899698
200105_2.0022.506	359	22.997480681855194	53.90224205530354
200105_2.0022.506	360	22.99748396658166	53.90233364579709
200105_2.0022.506	361	22.997518656590294	53.90246719160839
200105_2.0022.506	362	22.997493818680898	53.90260850710714
200105_2.0022.506	363	22.99745253330701	53.90270592548606
200105_2.0022.506	364	22.997439216419743	53.902753707428644
200105_2.0022.506	365	22.99748543007351	53.90279362986713
200105_2.0022.506	366	22.997516835613702	53.90283558518542
200105_2.0022.506	367	22.9976651972522	53.9028989142095
200105_2.0022.506	368	22.99800844083259	53.90298282916442
200105_2.0022.506	369	22.99819864939825	53.90305881699159
200105_2.0022.506	370	22.99830806356217	53.90311562018251
200105_2.0022.506	371	22.998370720244154	53.90314247065529
200105_2.0022.506	372	22.99839991973005	53.90318764214001
200105_2.0022.506	373	22.998332930724466	53.90330371609354
200105_2.0022.506	374	22.998330040511824	53.903329121167985
200105_2.0022.506	375	22.99831916982488	53.90342733270237
200105_2.0022.506	376	22.998240321522992	53.903555707758905
200105_2.0022.506	377	22.998251955694833	53.903622747384645
200105_2.0022.506	378	22.99829149563526	53.9036745646374
200105_2.0022.506	379	22.998320695399208	53.90371973613872
200105_2.0022.506	380	22.99845650094938	53.90378017387598
200105_2.0022.506	381	22.998525772234455	53.90379135467677
200105_2.0022.506	382	22.99901872971316	53.9037426302822
200105_2.0022.506	383	22.99904303484681	53.90373798070011
200105_2.0022.506	384	22.999139047027196	53.90363625566093
200105_2.0022.506	385	22.999287550182668	53.90354745800998
200105_2.0022.506	386	22.999424293204445	53.90351139736627
200105_2.0022.506	387	22.999530714193867	53.903483440491705
200105_2.0022.506	388	22.999987307390164	53.90349811685488
200105_2.0022.506	389	23.000066425122505	53.90348565685528
200105_2.0022.506	390	23.000106336405615	53.90351564164474
200105_2.0022.506	391	23.000147850436445	53.90383533474819
200105_2.0022.506	392	23.00022777037898	53.90396772880548
200105_2.0022.506	393	23.000275791411326	53.90395761553912
200105_2.0022.506	394	23.000344044937638	53.90399870878016
200105_2.0022.506	395	23.000414900192943	53.904026435134305
200105_2.0022.506	396	23.000522512648494	53.904025084603326
200105_2.0022.506	397	23.000607138555868	53.90398589308264
200105_2.0022.506	398	23.000836577136955	53.903897677331805
200105_2.0022.506	399	23.000884336632144	53.90387938477268
200105_2.0022.506	400	23.001261669029162	53.903804259773
200105_2.0022.506	401	23.001338097813885	53.90382160867713
200105_2.0022.506	402	23.001445583301606	53.903819177995764
200105_2.0022.506	403	23.001532363675945	53.90382996354176
200105_2.0022.506	404	23.00160879047954	53.90384740211214
200105_2.0022.506	405	23.00159220399521	53.90392400099647
200105_2.0022.506	406	23.001606519856555	53.903980908872114
200105_2.0022.506	407	23.00140854210783	53.90416643196081
200105_2.0022.506	408	23.00138342487321	53.9041923710787
200105_2.0022.506	409	23.00129231088814	53.904286680603924
200105_2.0022.506	410	23.001268489801056	53.904334824848114
200105_2.0022.506	411	23.001274364682768	53.90450955328105
200105_2.0022.506	412	23.001318976889845	53.90453391584639
200105_2.0022.506	413	23.001894630605683	53.90461651768758
200105_2.0022.506	414	23.002060284541592	53.90468268063238
200105_2.0022.506	415	23.002188254027498	53.90474664320454
200105_2.0022.506	416	23.002309295835484	53.90478844356351
200105_2.0022.506	417	23.002385270294276	53.90479940825762
200105_2.0022.506	418	23.00253633416308	53.90481378226738
200105_2.0022.506	419	23.002601920417277	53.904820077880395
200105_2.0022.506	420	23.002726908590063	53.90475372430462
200105_2.0022.506	421	23.002863024260577	53.90476321138925
200105_2.0022.506	422	23.002933267756003	53.90479758048507
200105_2.0022.506	423	23.00301150141202	53.90482231146877
200105_2.0022.506	424	23.003032091356868	53.90487783356343
200105_2.0022.506	425	23.003008534485055	53.905068311796555
200105_2.0022.506	426	23.002998342237728	53.90515125384742
200105_2.0022.506	427	23.00301248687879	53.905209058670394
200105_2.0022.506	428	23.00312160673651	53.90531707272096
200105_2.0022.506	429	23.003186978350328	53.90529407326551
200105_2.0022.506	430	23.003238972735698	53.90532802109995
200105_2.0022.506	431	23.003336332286754	53.905450673655395
200105_2.0022.506	432	23.003381547557087	53.90553928728038
200105_2.0022.506	433	23.00351805391279	53.9056795169072
200105_2.0022.506	434	23.003631345537947	53.90573383138825
200105_2.0022.506	435	23.003748894213004	53.905692394903674
200105_2.0022.506	436	23.003983949294188	53.90563045761929
200105_2.0022.506	437	23.004033784208403	53.90562089702975
200105_2.0022.506	438	23.004333864609666	53.90556327237327
200105_2.0022.506	439	23.004456434223442	53.90548341859572
200105_2.0022.506	440	23.00392485914907	53.905562126368054
200105_2.0022.506	441	23.003871411398638	53.90557003953609
200105_2.0022.506	442	23.00362639502768	53.9056413287864
200105_2.0022.506	443	23.003486050725442	53.90550250512069
200105_2.0022.506	444	23.003453880451573	53.90540923745548
200105_2.0022.506	445	23.003376163372028	53.9052796494393
200105_2.0022.506	446	23.003304526219456	53.905252637209465
200105_2.0022.506	447	23.00315612280966	53.90515840453112
200105_2.0022.506	448	23.003119261239398	53.905127996820475
200105_2.0022.506	449	23.00310284690479	53.90511438217816
200105_2.0022.506	450	23.003149638203478	53.904836397651664
200105_2.0022.506	451	23.003116003103734	53.90478552962035
200105_2.0022.506	452	23.003037771592886	53.904760708866654
200105_2.0022.506	453	23.002967528072375	53.90472633983167
200105_2.0022.506	454	23.002809572848125	53.904701036585934
200105_2.0022.506	455	23.002468087207095	53.90474672204082
200105_2.0022.506	456	23.0023972125401	53.904732475109846
200105_2.0022.506	457	23.00228127266738	53.90468730271694
200105_2.0022.506	458	23.00218451009261	53.904603651621166
200105_2.0022.506	459	23.00202920999287	53.90453083572633
200105_2.0022.506	460	23.002004043209613	53.904526942455945
200105_2.0022.506	461	23.001463754548784	53.90444175987173
200105_2.0022.506	462	23.00143459589624	53.90440746204205
200105_2.0022.506	463	23.00140467661356	53.90436039836323
200105_2.0022.506	464	23.001401475343584	53.904309603243014
200105_2.0010.AR_1.41/6	0	22.96431344493228	53.94694807447778
200105_2.0010.AR_1.41/6	1	22.96435019158921	53.94696501455376
200105_2.0010.AR_1.41/6	2	22.964985120459104	53.94725811419773
200105_2.0010.AR_1.41/6	3	22.964997188129395	53.94725058046409
200105_2.0010.AR_1.41/6	4	22.964319502153664	53.946943364364145
200105_2.0010.AR_1.41/6	5	22.96431344493228	53.94694807447778
200105_2.0011.218	0	22.979142950714518	53.933574781549595
200105_2.0011.218	1	22.97899857089289	53.93356960063456
200105_2.0011.218	2	22.97899098659748	53.93366819750583
200105_2.0011.218	3	22.979134014132747	53.933672648090386
200105_2.0011.218	4	22.979784337051804	53.93369273051533
200105_2.0011.218	5	22.97984504836391	53.93369459403573
200105_2.0011.218	6	22.980437857705304	53.93371283656139
200105_2.0011.218	7	22.980638706564857	53.93371903415546
200105_2.0011.218	8	22.98119819331549	53.933736271259946
200105_2.0011.218	9	22.982452897743823	53.933774763024424
200105_2.0011.218	10	22.982453331585454	53.93369434605065
200105_2.0011.218	11	22.982407692017233	53.93369261154571
200105_2.0011.218	12	22.979142950714518	53.933574781549595
200105_2.0020.AR_12.456/1	0	22.97597067016371	53.90835879292654
200105_2.0020.AR_12.456/1	1	22.97557007536317	53.90859115764476
200105_2.0020.AR_12.456/1	2	22.975270689558727	53.90923331901234
200105_2.0020.AR_12.456/1	3	22.974932857906225	53.910164846765184
200105_2.0020.AR_12.456/1	4	22.974807853831372	53.910148593891776
200105_2.0020.AR_12.456/1	5	22.974774192660977	53.910155944235505
200105_2.0020.AR_12.456/1	6	22.975114786658853	53.91073401933008
200105_2.0020.AR_12.456/1	7	22.975473655665667	53.91134306985821
200105_2.0020.AR_12.456/1	8	22.976117196224646	53.91267761689125
200105_2.0020.AR_12.456/1	9	22.976134997179393	53.912702748599465
200105_2.0020.AR_12.456/1	10	22.975910258767264	53.91203491045342
200105_2.0020.AR_12.456/1	11	22.97578257801087	53.911586698719674
200105_2.0020.AR_12.456/1	12	22.975742006894762	53.91139127558558
200105_2.0020.AR_12.456/1	13	22.975696461555025	53.91058443069216
200105_2.0020.AR_12.456/1	14	22.975813898161483	53.9099957083509
200105_2.0020.AR_12.456/1	15	22.976329435802093	53.90880996348491
200105_2.0020.AR_12.456/1	16	22.97597067016371	53.90835879292654
200105_2.0020.AR_12.456/2	0	22.975813898161483	53.9099957083509
200105_2.0020.AR_12.456/2	1	22.975696461555025	53.91058443069216
200105_2.0020.AR_12.456/2	2	22.975742006894762	53.91139127558558
200105_2.0020.AR_12.456/2	3	22.97578257801087	53.911586698719674
200105_2.0020.AR_12.456/2	4	22.975910258767264	53.91203491045342
200105_2.0020.AR_12.456/2	5	22.976134997179393	53.912702748599465
200105_2.0020.AR_12.456/2	6	22.97890253583038	53.91229716350824
200105_2.0020.AR_12.456/2	7	22.97900610570096	53.91228151072679
200105_2.0020.AR_12.456/2	8	22.97898187070641	53.912258032000096
200105_2.0020.AR_12.456/2	9	22.97874310156475	53.91184536037743
200105_2.0020.AR_12.456/2	10	22.976329435802093	53.90880996348491
200105_2.0020.AR_12.456/2	11	22.975813898161483	53.9099957083509
200105_2.0020.AR_12.456/3	0	22.975629607306274	53.907992955665016
200105_2.0020.AR_12.456/3	1	22.975615199169592	53.90789767533482
200105_2.0020.AR_12.456/3	2	22.97560979678877	53.90780750376622
200105_2.0020.AR_12.456/3	3	22.975910543699964	53.907040633060376
200105_2.0020.AR_12.456/3	4	22.9759258018683	53.90690211551452
200105_2.0020.AR_12.456/3	5	22.975650636202353	53.90675420169186
200105_2.0020.AR_12.456/3	6	22.975416572398977	53.90666171965549
200105_2.0020.AR_12.456/3	7	22.975235588923713	53.90662638929493
200105_2.0020.AR_12.456/3	8	22.975131978485656	53.90653232434807
200105_2.0020.AR_12.456/3	9	22.97508455345503	53.906412051714845
200105_2.0020.AR_12.456/3	10	22.974927711861767	53.90650326440586
200105_2.0020.AR_12.456/3	11	22.974429439865354	53.90677262073945
200105_2.0020.AR_12.456/3	12	22.974015053112613	53.90712715642478
200105_2.0020.AR_12.456/3	13	22.973731361946427	53.90758793929217
200105_2.0020.AR_12.456/3	14	22.973687426794093	53.90812616018026
200105_2.0020.AR_12.456/3	15	22.973812829540858	53.908479736777444
200105_2.0020.AR_12.456/3	16	22.974192382857513	53.90916849076163
200105_2.0020.AR_12.456/3	17	22.974208121512106	53.909190729772675
200105_2.0020.AR_12.456/3	18	22.97426426739383	53.90929050019397
200105_2.0020.AR_12.456/3	19	22.974774192660977	53.910155944235505
200105_2.0020.AR_12.456/3	20	22.974807853831372	53.910148593891776
200105_2.0020.AR_12.456/3	21	22.974932857906225	53.910164846765184
200105_2.0020.AR_12.456/3	22	22.975270689558727	53.90923331901234
200105_2.0020.AR_12.456/3	23	22.97557007536317	53.90859115764476
200105_2.0020.AR_12.456/3	24	22.97597067016371	53.90835879292654
200105_2.0020.AR_12.456/3	25	22.975687946644857	53.90800315780739
200105_2.0020.AR_12.456/3	26	22.975629607306274	53.907992955665016
200105_2.0020.AR_12.457/1	0	22.976553366381292	53.907263385692396
200105_2.0020.AR_12.457/1	1	22.97650269481406	53.9072321331891
200105_2.0020.AR_12.457/1	2	22.976056069205892	53.90817109340475
200105_2.0020.AR_12.457/1	3	22.97629529044966	53.90849490718158
200105_2.0020.AR_12.457/1	4	22.976792925019726	53.907448823313274
200105_2.0020.AR_12.457/1	5	22.976553366381292	53.907263385692396
200105_2.0020.AR_12.457/2	0	22.976851472596586	53.90749407047049
200105_2.0020.AR_12.457/2	1	22.976792925019726	53.907448823313274
200105_2.0020.AR_12.457/2	2	22.97629529044966	53.90849490718158
200105_2.0020.AR_12.457/2	3	22.976349351980463	53.90856806150773
200105_2.0020.AR_12.457/2	4	22.976671079332476	53.908965810408944
200105_2.0020.AR_12.457/2	5	22.976757584518374	53.90913745352177
200105_2.0020.AR_12.457/2	6	22.978731382908755	53.911620800853036
200105_2.0020.AR_12.457/2	7	22.97880517438415	53.91157802808051
200105_2.0020.AR_12.457/2	8	22.979026554479585	53.91144943997336
200105_2.0020.AR_12.457/2	9	22.979120696811336	53.911389677582726
200105_2.0020.AR_12.457/2	10	22.979421376534393	53.91132933451615
200105_2.0020.AR_12.457/2	11	22.979686853096933	53.911239668140176
200105_2.0020.AR_12.457/2	12	22.979969225826963	53.911118605319764
200105_2.0020.AR_12.457/2	13	22.980264575510716	53.91102703490184
200105_2.0020.AR_12.457/2	14	22.980435829245653	53.91091293456975
200105_2.0020.AR_12.457/2	15	22.98043971237489	53.910759763359856
200105_2.0020.AR_12.457/2	16	22.98041307983846	53.91070975708914
200105_2.0020.AR_12.457/2	17	22.980236004662675	53.91055684628117
200105_2.0020.AR_12.457/2	18	22.980142670809197	53.910483629776316
200105_2.0020.AR_12.457/2	19	22.979961909750863	53.910400864652225
200105_2.0020.AR_12.457/2	20	22.979781151598388	53.910318009420905
200105_2.0020.AR_12.457/2	21	22.979503217030363	53.91023226137034
200105_2.0020.AR_12.457/2	22	22.979402101861147	53.91019114653662
200105_2.0020.AR_12.457/2	23	22.979285936035506	53.91011818456199
200105_2.0020.AR_12.457/2	24	22.979281740602495	53.910096763206205
200105_2.0020.AR_12.457/2	25	22.979231159127767	53.909849409341255
200105_2.0020.AR_12.457/2	26	22.97934907794643	53.909588302225046
200105_2.0020.AR_12.457/2	27	22.97938363759977	53.90950035753988
200105_2.0020.AR_12.457/2	28	22.97951550713284	53.90928492575304
200105_2.0020.AR_12.457/2	29	22.97946994123684	53.909193873922874
200105_2.0020.AR_12.457/2	30	22.97931488861714	53.90903692562948
200105_2.0020.AR_12.457/2	31	22.979188001588962	53.90887329768467
200105_2.0020.AR_12.457/2	32	22.979145833332694	53.90878649783226
200105_2.0020.AR_12.457/2	33	22.979127159201923	53.90873476179453
200105_2.0020.AR_12.457/2	34	22.97902338380057	53.908690568898514
200105_2.0020.AR_12.457/2	35	22.978918321000517	53.90866173031737
200105_2.0020.AR_12.457/2	36	22.978692459572258	53.908612814762684
200105_2.0020.AR_12.457/2	37	22.978328799770082	53.90857943954006
200105_2.0020.AR_12.457/2	38	22.978142171675252	53.90859411530931
200105_2.0020.AR_12.457/2	39	22.97775417036383	53.90850437125774
200105_2.0020.AR_12.457/2	40	22.977451028174094	53.90847312598824
200105_2.0020.AR_12.457/2	41	22.97716728496101	53.90840781011134
200105_2.0020.AR_12.457/2	42	22.97698842712719	53.908353630809565
200105_2.0020.AR_12.457/2	43	22.976854223073023	53.90794813577707
200105_2.0020.AR_12.457/2	44	22.976851472596586	53.90749407047049
200105_2.0020.AR_12.457/3	0	22.97650269481406	53.9072321331891
200105_2.0020.AR_12.457/3	1	22.97613974449917	53.907008532346396
200105_2.0020.AR_12.457/3	2	22.975849417879978	53.90782239727877
200105_2.0020.AR_12.457/3	3	22.975855000507188	53.90789900212976
200105_2.0020.AR_12.457/3	4	22.976056069205892	53.90817109340475
200105_2.0020.AR_12.457/3	5	22.97650269481406	53.9072321331891
200105_2.0010.AR_1.36/3	0	22.962059744062685	53.94870695126964
200105_2.0010.AR_1.36/3	1	22.962044484375134	53.94869576719946
200105_2.0010.AR_1.36/3	2	22.961793399435216	53.94888786485499
200105_2.0010.AR_1.36/3	3	22.961802374278296	53.94889450186787
200105_2.0010.AR_1.36/3	4	22.962059744062685	53.94870695126964
200105_2.0010.AR_1.36/4	0	22.962059744062685	53.94870695126964
200105_2.0010.AR_1.36/4	1	22.961802374278296	53.94889450186787
200105_2.0010.AR_1.36/4	2	22.962139205196276	53.94914469462711
200105_2.0010.AR_1.36/4	3	22.9623902923449	53.94895250642053
200105_2.0010.AR_1.36/4	4	22.962059744062685	53.94870695126964
200105_2.0010.AR_1.36/5	0	22.962178267661166	53.94862054597783
200105_2.0010.AR_1.36/5	1	22.96216002230741	53.94860691003076
200105_2.0010.AR_1.36/5	2	22.962044484375134	53.94869576719946
200105_2.0010.AR_1.36/5	3	22.962059744062685	53.94870695126964
200105_2.0010.AR_1.36/5	4	22.962178267661166	53.94862054597783
200105_2.0010.AR_1.36/6	0	22.962178267661166	53.94862054597783
200105_2.0010.AR_1.36/6	1	22.962059744062685	53.94870695126964
200105_2.0010.AR_1.36/6	2	22.9623902923449	53.94895250642053
200105_2.0010.AR_1.36/6	3	22.962139205196276	53.94914469462711
200105_2.0010.AR_1.36/6	4	22.96417043362278	53.95065391624187
200105_2.0010.AR_1.36/6	5	22.966251031104868	53.95219937966982
200105_2.0010.AR_1.36/6	6	22.96666711103944	53.95196367464128
200105_2.0010.AR_1.36/6	7	22.962178267661166	53.94862054597783
200105_2.0010.AR_1.37/1	0	22.962392352401075	53.94846451938081
200105_2.0010.AR_1.37/1	1	22.962368120100624	53.948446608545844
200105_2.0010.AR_1.37/1	2	22.96216002230741	53.94860691003076
200105_2.0010.AR_1.37/1	3	22.962178267661166	53.94862054597783
200105_2.0010.AR_1.37/1	4	22.96239049142209	53.94846585113763
200105_2.0010.AR_1.37/1	5	22.962392352401075	53.94846451938081
200105_2.0010.AR_1.37/2	0	22.962392352401075	53.94846451938081
200105_2.0010.AR_1.37/2	1	22.96239049142209	53.94846585113763
200105_2.0010.AR_1.37/2	2	22.962178267661166	53.94862054597783
200105_2.0010.AR_1.37/2	3	22.96666711103944	53.95196367464128
200105_2.0010.AR_1.37/2	4	22.96687127320276	53.95184547374703
200105_2.0010.AR_1.37/2	5	22.96576842147736	53.95100491180793
200105_2.0010.AR_1.37/2	6	22.965805470013336	53.95098519302052
200105_2.0010.AR_1.37/2	7	22.962392352401075	53.94846451938081
200105_2.0010.AR_1.38/1	0	22.962822725054824	53.948131008623704
200105_2.0010.AR_1.38/1	1	22.96279984110362	53.94811400807107
200105_2.0010.AR_1.38/1	2	22.962368120100624	53.948446608545844
200105_2.0010.AR_1.38/1	3	22.962392352401075	53.94846451938081
200105_2.0010.AR_1.38/1	4	22.962822725054824	53.948131008623704
200105_2.0010.AR_1.38/2	0	22.963820532114333	53.94887149212281
200105_2.0010.AR_1.38/2	1	22.962822725054824	53.948131008623704
200105_2.0010.AR_1.38/2	2	22.962392352401075	53.94846451938081
200105_2.0010.AR_1.38/2	3	22.965805470013336	53.95098519302052
200105_2.0010.AR_1.38/2	4	22.965845112116074	53.95096531683843
200105_2.0010.AR_1.38/2	5	22.966959060118278	53.951794561869775
200105_2.0010.AR_1.38/2	6	22.967404936234566	53.951536377126224
200105_2.0010.AR_1.38/2	7	22.964852905716864	53.949638502745614
200105_2.0010.AR_1.38/2	8	22.96480665327974	53.949660837587864
200105_2.0010.AR_1.38/2	9	22.963808543251893	53.948918832367085
200105_2.0010.AR_1.38/2	10	22.963820532114333	53.94887149212281
200105_2.0010.AR_1.40/3	0	22.963181809653	53.947852501565905
200105_2.0010.AR_1.40/3	1	22.963146920693127	53.947846629389396
200105_2.0010.AR_1.40/3	2	22.96279984110362	53.94811400807107
200105_2.0010.AR_1.40/3	3	22.962822725054824	53.948131008623704
200105_2.0010.AR_1.40/3	4	22.963181809653	53.947852501565905
200105_2.0010.AR_1.40/4	0	22.963731521588144	53.947945752593014
200105_2.0010.AR_1.40/4	1	22.963181809653	53.947852501565905
200105_2.0010.AR_1.40/4	2	22.962822725054824	53.948131008623704
200105_2.0010.AR_1.40/4	3	22.963820532114333	53.94887149212281
200105_2.0010.AR_1.40/4	4	22.964111618991105	53.948226594356
200105_2.0010.AR_1.40/4	5	22.963731521588144	53.947945752593014
200105_2.0010.AR_1.41/7	0	22.963367432583254	53.947676818804496
200105_2.0010.AR_1.41/7	1	22.96316990331717	53.947828946530606
200105_2.0010.AR_1.41/7	2	22.963204342075116	53.9478345452485
200105_2.0010.AR_1.41/7	3	22.963390170921993	53.94769354842737
200105_2.0010.AR_1.41/7	4	22.963367432583254	53.947676818804496
200105_2.0010.AR_1.41/8	0	22.963204342075116	53.9478345452485
200105_2.0010.AR_1.41/8	1	22.963686794706366	53.947912749221324
200105_2.0010.AR_1.41/8	2	22.963390170921993	53.94769354842737
200105_2.0010.AR_1.41/8	3	22.963204342075116	53.9478345452485
200105_2.0010.AR_1.41/9	0	22.96427555420373	53.94697731022108
200105_2.0010.AR_1.41/9	1	22.963367432583254	53.947676818804496
200105_2.0010.AR_1.41/9	2	22.963390170921993	53.94769354842737
200105_2.0010.AR_1.41/9	3	22.96430517094224	53.94699922073938
200105_2.0010.AR_1.41/9	4	22.96427555420373	53.94697731022108
200105_2.0010.AR_1.41/10	0	22.964804312792346	53.94736887545936
200105_2.0010.AR_1.41/10	1	22.96430517094224	53.94699922073938
200105_2.0010.AR_1.41/10	2	22.963390170921993	53.94769354842737
200105_2.0010.AR_1.41/10	3	22.963686794706366	53.947912749221324
200105_2.0010.AR_1.41/10	4	22.963852326290937	53.94793915695954
200105_2.0010.AR_1.41/10	5	22.964338291182408	53.94765437268443
200105_2.0010.AR_1.41/10	6	22.964804312792346	53.94736887545936
200105_2.0010.AR_1.198/9	0	22.962859649884624	53.94769876336366
200105_2.0010.AR_1.198/9	1	22.962831250073734	53.947719903753125
200105_2.0010.AR_1.198/9	2	22.963146920693127	53.947846629389396
200105_2.0010.AR_1.198/9	3	22.963181809653	53.947852501565905
200105_2.0010.AR_1.198/9	4	22.963204342075116	53.9478345452485
200105_2.0010.AR_1.198/9	5	22.96316990331717	53.947828946530606
200105_2.0010.AR_1.198/9	6	22.962859649884624	53.94769876336366
200105_2.0010.AR_1.198/10	0	22.963204342075116	53.9478345452485
200105_2.0010.AR_1.198/10	1	22.963181809653	53.947852501565905
200105_2.0010.AR_1.198/10	2	22.963731521588144	53.947945752593014
200105_2.0010.AR_1.198/10	3	22.964047388126378	53.94803401940879
200105_2.0010.AR_1.198/10	4	22.964200514795614	53.94805699503253
200105_2.0010.AR_1.198/10	5	22.964272452188823	53.94806767911448
200105_2.0010.AR_1.198/10	6	22.964725016870766	53.948141218278614
200105_2.0010.AR_1.198/10	7	22.965039632036998	53.94813251769185
200105_2.0010.AR_1.198/10	8	22.965369867883787	53.9480712056964
200105_2.0010.AR_1.198/10	9	22.96608392424982	53.94868881973736
200105_2.0010.AR_1.198/10	10	22.96639478656596	53.94893060012001
200105_2.0010.AR_1.198/10	11	22.967560889090997	53.94957078378405
200105_2.0010.AR_1.198/10	12	22.967981400216292	53.94959227838881
200105_2.0010.AR_1.198/10	13	22.968053514244907	53.94959595298785
200105_2.0010.AR_1.198/10	14	22.96916032673984	53.94965245030145
200105_2.0010.AR_1.198/10	15	22.969160188408374	53.94962099973961
200105_2.0010.AR_1.198/10	16	22.967557743134154	53.94952546963845
200105_2.0010.AR_1.198/10	17	22.966447186938066	53.94890598132667
200105_2.0010.AR_1.198/10	18	22.966047297010892	53.948617698428386
200105_2.0010.AR_1.198/10	19	22.965386754768986	53.94802282921903
200105_2.0010.AR_1.198/10	20	22.964998601209533	53.94809783940591
200105_2.0010.AR_1.198/10	21	22.964732157554568	53.94810506808626
200105_2.0010.AR_1.198/10	22	22.96405330213122	53.947998218096664
200105_2.0010.AR_1.198/10	23	22.963852326290937	53.94793915695954
200105_2.0010.AR_1.198/10	24	22.963686794706366	53.947912749221324
200105_2.0010.AR_1.198/10	25	22.963204342075116	53.9478345452485
200105_2.0023.AR_1.51/1	0	22.95708639355294	53.955092942215366
200105_2.0023.AR_1.51/1	1	22.95699238090642	53.95558785815836
200105_2.0023.AR_1.51/1	2	22.957039691799608	53.955590694997234
200105_2.0023.AR_1.51/1	3	22.95713126390785	53.955126398518786
200105_2.0023.AR_1.51/1	4	22.95708639355294	53.955092942215366
200105_2.0023.AR_1.51/2	0	22.95713126390785	53.955126398518786
200105_2.0023.AR_1.51/2	1	22.957039691799608	53.955590694997234
200105_2.0023.AR_1.51/2	2	22.957128227541833	53.955596046220904
200105_2.0023.AR_1.51/2	3	22.95781661418612	53.95563652450141
200105_2.0023.AR_1.51/2	4	22.957795374606267	53.95562070540932
200105_2.0023.AR_1.51/2	5	22.95713126390785	53.955126398518786
200105_2.0020.AR_21.158/3	0	22.99641297727084	53.86690675904574
200105_2.0020.AR_21.158/3	1	22.9962520430397	53.86687863598747
200105_2.0020.AR_21.158/3	2	22.996074694033535	53.867009061689664
200105_2.0020.AR_21.158/3	3	22.99594811714714	53.8672222203035
200105_2.0020.AR_21.158/3	4	22.99636964257381	53.86694512474378
200105_2.0020.AR_21.158/3	5	22.99641297727084	53.86690675904574
200105_2.0020.AR_21.158/4	0	22.99594811714714	53.8672222203035
200105_2.0020.AR_21.158/4	1	22.996074694033535	53.867009061689664
200105_2.0020.AR_21.158/4	2	22.9962520430397	53.86687863598747
200105_2.0020.AR_21.158/4	3	22.996091258874785	53.86685060382402
200105_2.0020.AR_21.158/4	4	22.99580653593759	53.866785951370986
200105_2.0020.AR_21.158/4	5	22.99571165507407	53.8666596281336
200105_2.0020.AR_21.158/4	6	22.995531386832784	53.866594591068015
200105_2.0020.AR_21.158/4	7	22.99530682398855	53.86646206023592
200105_2.0020.AR_21.158/4	8	22.99516223376202	53.86630396053186
200105_2.0020.AR_21.158/4	9	22.995057934067944	53.86613307899941
200105_2.0020.AR_21.158/4	10	22.995045776097946	53.86604410925825
200105_2.0020.AR_21.158/4	11	22.994944178401575	53.8658937374908
200105_2.0020.AR_21.158/4	12	22.994924307581677	53.86571430764188
200105_2.0020.AR_21.158/4	13	22.994986028759783	53.86549871997124
200105_2.0020.AR_21.158/4	14	22.99507116282694	53.86535916708744
200105_2.0020.AR_21.158/4	15	22.995129242523724	53.86518128851801
200105_2.0020.AR_21.158/4	16	22.995227801146484	53.865096840021636
200105_2.0020.AR_21.158/4	17	22.99528863247032	53.864937315108236
200105_2.0020.AR_21.158/4	18	22.995474372839457	53.864792673623406
200105_2.0020.AR_21.158/4	19	22.99554003315482	53.864609197348315
200105_2.0020.AR_21.158/4	20	22.995725775497235	53.864464375779455
200105_2.0020.AR_21.158/4	21	22.9958079113886	53.864367299342966
200105_2.0020.AR_21.158/4	22	22.99598521841882	53.86423184171123
200105_2.0020.AR_21.158/4	23	22.99621519496492	53.86410607957051
200105_2.0020.AR_21.158/4	24	22.996297202241603	53.864052402353764
200105_2.0020.AR_21.158/4	25	22.996529603880298	53.863952268962954
200105_2.0020.AR_21.158/4	26	22.99662834033103	53.8639363812217
200105_2.0020.AR_21.158/4	27	22.996868068174496	53.86374600277577
200105_2.0020.AR_21.158/4	28	22.99654035322358	53.86375719079634
200105_2.0020.AR_21.158/4	29	22.99624277192114	53.86381140159758
200105_2.0020.AR_21.158/4	30	22.99593826896416	53.863811819638535
200105_2.0020.AR_21.158/4	31	22.995533103310112	53.863908529171134
200105_2.0020.AR_21.158/4	32	22.99525720193406	53.863984125097595
200105_2.0020.AR_21.158/4	33	22.995174334533402	53.86401020849733
200105_2.0020.AR_21.158/4	34	22.994911500169373	53.86410505244941
200105_2.0020.AR_21.158/4	35	22.994628419384473	53.86417564470841
200105_2.0020.AR_21.158/4	36	22.99450027076502	53.86423252846724
200105_2.0020.AR_21.158/4	37	22.994243473285565	53.8643354187617
200105_2.0020.AR_21.158/4	38	22.993991583500883	53.86443646266503
200105_2.0020.AR_21.158/4	39	22.99385822567666	53.864501299294034
200105_2.0020.AR_21.158/4	40	22.99382369044516	53.86452140715578
200105_2.0020.AR_21.158/4	41	22.993712528109512	53.86459253994314
200105_2.0020.AR_21.158/4	42	22.993502181206853	53.86464109559547
200105_2.0020.AR_21.158/4	43	22.993478685793477	53.86482824911371
200105_2.0020.AR_21.158/4	44	22.99350033815993	53.864895194001434
200105_2.0020.AR_21.158/4	45	22.99349151361462	53.86494615841937
200105_2.0020.AR_21.158/4	46	22.9934949045432	53.86512787646516
200105_2.0020.AR_21.158/4	47	22.99351338164799	53.86530810361186
200105_2.0020.AR_21.158/4	48	22.99357680925826	53.86548403517996
200105_2.0020.AR_21.158/4	49	22.993640237391777	53.86565996671182
200105_2.0020.AR_21.158/4	50	22.993672261726957	53.86570651127678
200105_2.0020.AR_21.158/4	51	22.993691359078547	53.86573425731548
200105_2.0020.AR_21.158/4	52	22.99375126522225	53.86590494757694
200105_2.0020.AR_21.158/4	53	22.993752405388733	53.86608547857825
200105_2.0020.AR_21.158/4	54	22.99376846280211	53.86626523608208
200105_2.0020.AR_21.158/4	55	22.99379974811668	53.86644395311721
200105_2.0020.AR_21.158/4	56	22.993746713756014	53.866531657553786
200105_2.0020.AR_21.158/4	57	22.993659330760625	53.866637943787666
200105_2.0020.AR_21.158/4	58	22.993499217260098	53.86679106418315
200105_2.0020.AR_21.158/4	59	22.993326609605475	53.8669389577542
200105_2.0020.AR_21.158/4	60	22.99317899536694	53.86709694495288
200105_2.0020.AR_21.158/4	61	22.993016314061943	53.86717959578196
200105_2.0020.AR_21.158/4	62	22.992809048842478	53.86725117933687
200105_2.0020.AR_21.158/4	63	22.992547388399682	53.86735303680879
200105_2.0020.AR_21.158/4	64	22.992268040698978	53.86742536217118
200105_2.0020.AR_21.158/4	65	22.99199893036103	53.867514486152416
200105_2.0020.AR_21.158/4	66	22.99184697345747	53.86755562198425
200105_2.0020.AR_21.158/4	67	22.99157542720887	53.86764481441489
200105_2.0020.AR_21.158/4	68	22.99132158260628	53.867743859497004
200105_2.0020.AR_21.158/4	69	22.991059710291843	53.86783528862434
200105_2.0020.AR_21.158/4	70	22.990898294348987	53.8678524419483
200105_2.0020.AR_21.158/4	71	22.990872579090937	53.86786597375376
200105_2.0020.AR_21.158/4	72	22.990657553606425	53.86799436744023
200105_2.0020.AR_21.158/4	73	22.990585511859585	53.86807553083471
200105_2.0020.AR_21.158/4	74	22.990485467471185	53.868119976962234
200105_2.0020.AR_21.158/4	75	22.99045116318401	53.86819975042723
200105_2.0020.AR_21.158/4	76	22.990556050610163	53.868370910471995
200105_2.0020.AR_21.158/4	77	22.990700553766608	53.868544829699346
200105_2.0020.AR_21.158/4	78	22.99081570929145	53.868687411674266
200105_2.0020.AR_21.158/4	79	22.99078028172202	53.86891489962029
200105_2.0020.AR_21.158/4	80	22.990703922714676	53.86903008233148
200105_2.0020.AR_21.158/4	81	22.990607926042017	53.869190477290665
200105_2.0020.AR_21.158/4	82	22.99041606787121	53.86932247993061
200105_2.0020.AR_21.158/4	83	22.990207355058054	53.86945353175042
200105_2.0020.AR_21.158/4	84	22.990010061565858	53.86959016054422
200105_2.0020.AR_21.158/4	85	22.989830187694185	53.869735741556035
200105_2.0020.AR_21.158/4	86	22.98950425115716	53.869885573852855
200105_2.0020.AR_21.158/4	87	22.98947290800455	53.86993697735438
200105_2.0020.AR_21.158/4	88	22.989466652016734	53.87000728219858
200105_2.0020.AR_21.158/4	89	22.989592033579353	53.87018607366419
200105_2.0020.AR_21.158/4	90	22.989639083792305	53.87022735439266
200105_2.0020.AR_21.158/4	91	22.989791467284814	53.870333050175155
200105_2.0020.AR_21.158/4	92	22.98993635056896	53.87049133845073
200105_2.0020.AR_21.158/4	93	22.99008768006949	53.87064716480798
200105_2.0020.AR_21.158/4	94	22.99023399748081	53.870815438827194
200105_2.0020.AR_21.158/4	95	22.99040283945153	53.87095128429003
200105_2.0020.AR_21.158/4	96	22.990569177891484	53.87110274345169
200105_2.0020.AR_21.158/4	97	22.99069815770972	53.87126503039945
200105_2.0020.AR_21.158/4	98	22.990748652047582	53.87137175503644
200105_2.0020.AR_21.158/4	99	22.990810104736486	53.87147803265476
200105_2.0020.AR_21.158/4	100	22.990854610768864	53.871656681792636
200105_2.0020.AR_21.158/4	101	22.990883748329846	53.87183583068734
200105_2.0020.AR_21.158/4	102	22.990867396129392	53.87201612466004
200105_2.0020.AR_21.158/4	103	22.990805549253388	53.872197743365625
200105_2.0020.AR_21.158/4	104	22.993121240673204	53.871318449739285
200105_2.0020.AR_21.158/4	105	22.993262829385948	53.871025807386204
200105_2.0020.AR_21.158/4	106	22.993833181283787	53.86975121614247
200105_2.0020.AR_21.158/4	107	22.99425859765733	53.868831957481476
200105_2.0020.AR_21.158/4	108	22.994267541051485	53.86881406116217
200105_2.0020.AR_21.158/4	109	22.993833939142775	53.86859207596674
200105_2.0020.AR_21.158/4	110	22.993770708273313	53.868559736711795
200105_2.0020.AR_21.158/4	111	22.993155837598074	53.86819416625602
200105_2.0020.AR_21.158/4	112	22.993226757045782	53.86815953750847
200105_2.0020.AR_21.158/4	113	22.99298374579195	53.8679785048954
200105_2.0020.AR_21.158/4	114	22.99334588075403	53.867782600960616
200105_2.0020.AR_21.158/4	115	22.994210836339096	53.86829421640533
200105_2.0020.AR_21.158/4	116	22.994560695620134	53.868077538994385
200105_2.0020.AR_21.158/4	117	22.994615266718938	53.868122295322685
200105_2.0020.AR_21.158/4	118	22.995612467738287	53.86744288447651
200105_2.0020.AR_21.158/4	119	22.99594811714714	53.8672222203035
200105_2.0022.190/1	0	22.97803461065734	53.90394872747343
200105_2.0022.190/1	1	22.977713892442623	53.90448908648849
200105_2.0022.190/1	2	22.977813451271324	53.90439387813164
200105_2.0022.190/1	3	22.97808300454605	53.90396720042763
200105_2.0022.190/1	4	22.97803461065734	53.90394872747343
200105_2.0022.190/2	0	22.9778987759369	53.90389689244467
200105_2.0022.190/2	1	22.976905723602275	53.90341857773392
200105_2.0022.190/2	2	22.975868477792368	53.904026326272685
200105_2.0022.190/2	3	22.97640954090452	53.90434516651147
200105_2.0022.190/2	4	22.977251234015203	53.90484088600688
200105_2.0022.190/2	5	22.977637393206553	53.90456220684551
200105_2.0022.190/2	6	22.977713892442623	53.90448908648849
200105_2.0022.190/2	7	22.97803461065734	53.90394872747343
200105_2.0022.190/2	8	22.9778987759369	53.90389689244467
200105_2.0022.290/1	0	22.976441624182577	53.906705056926555
200105_2.0022.290/1	1	22.97633765867559	53.90693033794407
200105_2.0022.290/1	2	22.976685405640797	53.907128469249805
200105_2.0022.290/1	3	22.97720280414777	53.90720943501381
200105_2.0022.290/1	4	22.97748597445793	53.90651285772962
200105_2.0022.290/1	5	22.976441624182577	53.906705056926555
200105_2.0022.290/2	0	22.980151683142385	53.906022272753646
200105_2.0022.290/2	1	22.97748597445793	53.90651285772962
200105_2.0022.290/2	2	22.97720280414777	53.90720943501381
200105_2.0022.290/2	3	22.97737986826791	53.90723718111205
200105_2.0022.290/2	4	22.977933874601042	53.90728359140529
200105_2.0022.290/2	5	22.978334119164128	53.90733264453957
200105_2.0022.290/2	6	22.978775523074148	53.907409991596396
200105_2.0022.290/2	7	22.979361375780417	53.907523518921096
200105_2.0022.290/2	8	22.979394954742265	53.90755687131562
200105_2.0022.290/2	9	22.97979456343515	53.907575992149305
200105_2.0022.290/2	10	22.980099663300678	53.90755791727811
200105_2.0022.290/2	11	22.980613949993838	53.90744843726349
200105_2.0022.290/2	12	22.981015225046093	53.907499107593836
200105_2.0022.290/2	13	22.98136496029617	53.907504051984965
200105_2.0022.290/2	14	22.981885997669064	53.907417177628304
200105_2.0022.290/2	15	22.981993116282734	53.90740523649149
200105_2.0022.290/2	16	22.98214508785566	53.90740742344289
200105_2.0022.290/2	17	22.982563383335634	53.90753425093188
200105_2.0022.290/2	18	22.98264061103542	53.90755000109681
200105_2.0022.290/2	19	22.982724141757686	53.90750676931757
200105_2.0022.290/2	20	22.982796251116298	53.9074576000912
200105_2.0022.290/2	21	22.982617518493573	53.907360568996964
200105_2.0022.290/2	22	22.980151683142385	53.906022272753646
200105_2.0022.290/3	0	22.976441624182577	53.906705056926555
200105_2.0022.290/3	1	22.97606405400859	53.90677453106361
200105_2.0022.290/3	2	22.97633765867559	53.90693033794407
200105_2.0022.290/3	3	22.976441624182577	53.906705056926555
200105_2.0022.291/3	0	22.977748868849016	53.90512565417041
200105_2.0022.291/3	1	22.977362349169756	53.9052257868754
200105_2.0022.291/3	2	22.977007346237066	53.905873139926605
200105_2.0022.291/3	3	22.97696603059403	53.905957252474295
200105_2.0022.291/3	4	22.977100956983264	53.90604026078626
200105_2.0022.291/3	5	22.97686402374422	53.906164849028045
200105_2.0022.291/3	6	22.976715415041784	53.90646729561121
200105_2.0022.291/3	7	22.977142195447044	53.90641396345489
200105_2.0022.291/3	8	22.97759519314665	53.90624664616558
200105_2.0022.291/3	9	22.978046859408863	53.905279688004995
200105_2.0022.291/3	10	22.977748868849016	53.90512565417041
200105_2.0022.291/4	0	22.97580226552619	53.906005198190456
200105_2.0022.291/4	1	22.975435132746654	53.90620801572268
200105_2.0022.291/4	2	22.975577717244917	53.906326224769906
200105_2.0022.291/4	3	22.97568157784403	53.90648471816907
200105_2.0022.291/4	4	22.975784081676224	53.9065680803429
200105_2.0022.291/4	5	22.97587605419511	53.90655942998773
200105_2.0022.291/4	6	22.976289550814066	53.906520454353796
200105_2.0022.291/4	7	22.97654140665045	53.90648899531909
200105_2.0022.291/4	8	22.976715415041784	53.90646729561121
200105_2.0022.291/4	9	22.97686402374422	53.906164849028045
200105_2.0022.291/4	10	22.976428537122274	53.90639386415944
200105_2.0022.291/4	11	22.97580226552619	53.906005198190456
200105_2.0022.291/5	0	22.9772799615693	53.90524709983321
200105_2.0022.291/5	1	22.9770274980951	53.90533489488581
200105_2.0022.291/5	2	22.976938981137938	53.90538284260086
200105_2.0022.291/5	3	22.9764569076634	53.90564425828196
200105_2.0022.291/5	4	22.97696603059403	53.905957252474295
200105_2.0022.291/5	5	22.977007346237066	53.905873139926605
200105_2.0022.291/5	6	22.977362349169756	53.9052257868754
200105_2.0022.291/5	7	22.9772799615693	53.90524709983321
200105_2.0022.291/6	0	22.978773284142015	53.90565526649593
200105_2.0022.291/6	1	22.978046859408863	53.905279688004995
200105_2.0022.291/6	2	22.97759519314665	53.90624664616558
200105_2.0022.291/6	3	22.978126654695913	53.906050342542684
200105_2.0022.291/6	4	22.978773284142015	53.90565526649593
200105_2.0022.291/7	0	22.97696603059403	53.905957252474295
200105_2.0022.291/7	1	22.97686402374422	53.906164849028045
200105_2.0022.291/7	2	22.977100956983264	53.90604026078626
200105_2.0022.291/7	3	22.97696603059403	53.905957252474295
200105_2.0022.291/8	0	22.9764569076634	53.90564425828196
200105_2.0022.291/8	1	22.97580226552619	53.906005198190456
200105_2.0022.291/8	2	22.976428537122274	53.90639386415944
200105_2.0022.291/8	3	22.97686402374422	53.906164849028045
200105_2.0022.291/8	4	22.97696603059403	53.905957252474295
200105_2.0022.291/8	5	22.9764569076634	53.90564425828196
200105_2.0022.292/1	0	22.97758667770173	53.90626508397303
200105_2.0022.292/1	1	22.97759519314665	53.90624664616558
200105_2.0022.292/1	2	22.977142195447044	53.90641396345489
200105_2.0022.292/1	3	22.976715415041784	53.90646729561121
200105_2.0022.292/1	4	22.97654140665045	53.90648899531909
200105_2.0022.292/1	5	22.976441624182577	53.906705056926555
200105_2.0022.292/1	6	22.97748597445793	53.90651285772962
200105_2.0022.292/1	7	22.97758667770173	53.90626508397303
200105_2.0022.292/2	0	22.977909050398488	53.905084156580486
200105_2.0022.292/2	1	22.977748868849016	53.90512565417041
200105_2.0022.292/2	2	22.978046859408863	53.905279688004995
200105_2.0022.292/2	3	22.97815892790823	53.90503982794551
200105_2.0022.292/2	4	22.977909050398488	53.905084156580486
200105_2.0022.292/3	0	22.976289550814066	53.906520454353796
200105_2.0022.292/3	1	22.97587605419511	53.90655942998773
200105_2.0022.292/3	2	22.975784081676224	53.9065680803429
200105_2.0022.292/3	3	22.975891210031666	53.90665525581974
200105_2.0022.292/3	4	22.97606405400859	53.90677453106361
200105_2.0022.292/3	5	22.976441624182577	53.906705056926555
200105_2.0022.292/3	6	22.97654140665045	53.90648899531909
200105_2.0022.292/3	7	22.976289550814066	53.906520454353796
200105_2.0022.292/4	0	22.978471115984746	53.90497374468034
200105_2.0022.292/4	1	22.978220976087236	53.90502885444122
200105_2.0022.292/4	2	22.97815892790823	53.90503982794551
200105_2.0022.292/4	3	22.978046859408863	53.905279688004995
200105_2.0022.292/4	4	22.978773284142015	53.90565526649593
200105_2.0022.292/4	5	22.978126654695913	53.906050342542684
200105_2.0022.292/4	6	22.97759519314665	53.90624664616558
200105_2.0022.292/4	7	22.97758667770173	53.90626508397303
200105_2.0022.292/4	8	22.97748597445793	53.90651285772962
200105_2.0022.292/4	9	22.980151683142385	53.906022272753646
200105_2.0022.292/4	10	22.980496434828908	53.90582518134021
200105_2.0022.292/4	11	22.978835364693296	53.90489435543864
200105_2.0022.292/4	12	22.978471115984746	53.90497374468034
200105_2.0022.514/1	0	22.97807225150545	53.90470698271525
200105_2.0022.514/1	1	22.978234238198226	53.904466738731344
200105_2.0022.514/1	2	22.978868962830735	53.9032111003418
200105_2.0022.514/1	3	22.979125026766102	53.90267540014523
200105_2.0022.514/1	4	22.97963076145209	53.90146592495166
200105_2.0022.514/1	5	22.979222809979262	53.90139821016527
200105_2.0022.514/1	6	22.97920279682586	53.901445214394776
200105_2.0022.514/1	7	22.978831951001247	53.90231420281806
200105_2.0022.514/1	8	22.978101047792755	53.90384514991254
200105_2.0022.514/1	9	22.97808300454605	53.90396720042763
200105_2.0022.514/1	10	22.977813451271324	53.90439387813164
200105_2.0022.514/1	11	22.977713892442623	53.90448908648849
200105_2.0022.514/1	12	22.977637393206553	53.90456220684551
200105_2.0022.514/1	13	22.977251234015203	53.90484088600688
200105_2.0022.514/1	14	22.976644332887325	53.905191813845875
200105_2.0022.514/1	15	22.976938981137938	53.90538284260086
200105_2.0022.514/1	16	22.9770274980951	53.90533489488581
200105_2.0022.514/1	17	22.977230653906673	53.90519123871094
200105_2.0022.514/1	18	22.977566031087928	53.90499820917555
200105_2.0022.514/1	19	22.97807225150545	53.90470698271525
200105_2.0022.514/2	0	22.976938981137938	53.90538284260086
200105_2.0022.514/2	1	22.976644332887325	53.905191813845875
200105_2.0022.514/2	2	22.976328505345695	53.90536299279746
200105_2.0022.514/2	3	22.9762701822362	53.9053958320818
200105_2.0022.514/2	4	22.97515969749183	53.90602164009012
200105_2.0022.514/2	5	22.975435132746654	53.90620801572268
200105_2.0022.514/2	6	22.97580226552619	53.906005198190456
200105_2.0022.514/2	7	22.9764569076634	53.90564425828196
200105_2.0022.514/2	8	22.976938981137938	53.90538284260086
200105_2.0022.542/1	0	22.978220976087236	53.90502885444122
200105_2.0022.542/1	1	22.978471115984746	53.90497374468034
200105_2.0022.542/1	2	22.978407450967406	53.90487013824732
200105_2.0022.542/1	3	22.97813715183417	53.904953201210205
200105_2.0022.542/1	4	22.978058023620502	53.90497193661732
200105_2.0022.542/1	5	22.97785278466961	53.90502032916043
200105_2.0022.542/1	6	22.977444977273915	53.90513232159501
200105_2.0022.542/1	7	22.977230653906673	53.90519123871094
200105_2.0022.542/1	8	22.9770274980951	53.90533489488581
200105_2.0022.542/1	9	22.9772799615693	53.90524709983321
200105_2.0022.542/1	10	22.977362349169756	53.9052257868754
200105_2.0022.542/1	11	22.977748868849016	53.90512565417041
200105_2.0022.542/1	12	22.977909050398488	53.905084156580486
200105_2.0022.542/1	13	22.97815892790823	53.90503982794551
200105_2.0022.542/1	14	22.978220976087236	53.90502885444122
200105_2.0010.AR_1.41/11	0	22.96431344493228	53.94694807447778
200105_2.0010.AR_1.41/11	1	22.96427555420373	53.94697731022108
200105_2.0010.AR_1.41/11	2	22.96430517094224	53.94699922073938
200105_2.0010.AR_1.41/11	3	22.96435019158921	53.94696501455376
200105_2.0010.AR_1.41/11	4	22.96431344493228	53.94694807447778
200105_2.0010.AR_1.41/12	0	22.96430517094224	53.94699922073938
200105_2.0010.AR_1.41/12	1	22.964804312792346	53.94736887545936
200105_2.0010.AR_1.41/12	2	22.964985120459104	53.94725811419773
200105_2.0010.AR_1.41/12	3	22.96435019158921	53.94696501455376
200105_2.0010.AR_1.41/12	4	22.96430517094224	53.94699922073938
200105_2.0010.AR_1.42/3	0	22.964850296715802	53.94653918723933
200105_2.0010.AR_1.42/3	1	22.964410468086843	53.946874510659576
200105_2.0010.AR_1.42/3	2	22.964450950712905	53.94689435828709
200105_2.0010.AR_1.42/3	3	22.96488350160665	53.94656382420045
200105_2.0010.AR_1.42/3	4	22.964850296715802	53.94653918723933
200105_2.0010.AR_1.42/4	0	22.96488350160665	53.94656382420045
200105_2.0010.AR_1.42/4	1	22.964450950712905	53.94689435828709
200105_2.0010.AR_1.42/4	2	22.9650499211156	53.947187866443386
200105_2.0010.AR_1.42/4	3	22.96556349238439	53.947067121533756
200105_2.0010.AR_1.42/4	4	22.96488350160665	53.94656382420045
200105_2.0010.AR_1.51/3	0	22.965489500663427	53.94605623969853
200105_2.0010.AR_1.51/3	1	22.964850296715802	53.94653918723933
200105_2.0010.AR_1.51/3	2	22.96488350160665	53.94656382420045
200105_2.0010.AR_1.51/3	3	22.965515974979567	53.946075876472435
200105_2.0010.AR_1.51/3	4	22.965489500663427	53.94605623969853
200105_2.0010.AR_1.51/4	0	22.96619891355018	53.94658314927428
200105_2.0010.AR_1.51/4	1	22.965515974979567	53.946075876472435
200105_2.0010.AR_1.51/4	2	22.96488350160665	53.94656382420045
200105_2.0010.AR_1.51/4	3	22.96556349238439	53.947067121533756
200105_2.0010.AR_1.51/4	4	22.96619891355018	53.94658314927428
200105_2.0010.AR_1.58/3	0	22.966458076864427	53.94536676002732
200105_2.0010.AR_1.58/3	1	22.96642382599179	53.94534130579751
200105_2.0010.AR_1.58/3	2	22.965489500663427	53.94605623969853
200105_2.0010.AR_1.58/3	3	22.965515974979567	53.946075876472435
200105_2.0010.AR_1.58/3	4	22.965831668723617	53.94583823150155
200105_2.0010.AR_1.58/3	5	22.965870424787735	53.945860130465825
200105_2.0010.AR_1.58/3	6	22.96649740989939	53.9453961217574
200105_2.0010.AR_1.58/3	7	22.966458076864427	53.94536676002732
200105_2.0010.AR_1.58/4	0	22.966771564385148	53.94560002597723
200105_2.0010.AR_1.58/4	1	22.96649740989939	53.9453961217574
200105_2.0010.AR_1.58/4	2	22.965870424787735	53.945860130465825
200105_2.0010.AR_1.58/4	3	22.965831668723617	53.94583823150155
200105_2.0010.AR_1.58/4	4	22.965515974979567	53.946075876472435
200105_2.0010.AR_1.58/4	5	22.96619891355018	53.94658314927428
200105_2.0010.AR_1.58/4	6	22.96654396844499	53.94683987011078
200105_2.0010.AR_1.58/4	7	22.96725862138259	53.94664402140598
200105_2.0010.AR_1.58/4	8	22.967173700986987	53.946431412203765
200105_2.0010.AR_1.58/4	9	22.967231039327803	53.94623143774727
200105_2.0010.AR_1.58/4	10	22.96740362997131	53.94607055275189
200105_2.0010.AR_1.58/4	11	22.966771564385148	53.94560002597723
200105_2.0010.AR_1.65/1	0	22.966566324380814	53.94523317776373
200105_2.0010.AR_1.65/1	1	22.96642382599179	53.94534130579751
200105_2.0010.AR_1.65/1	2	22.966458076864427	53.94536676002732
200105_2.0010.AR_1.65/1	3	22.966601323341248	53.94525917752182
200105_2.0010.AR_1.65/1	4	22.966566324380814	53.94523317776373
200105_2.0010.AR_1.65/2	0	22.966601323341248	53.94525917752182
200105_2.0010.AR_1.65/2	1	22.966458076864427	53.94536676002732
200105_2.0010.AR_1.65/2	2	22.96649740989939	53.9453961217574
200105_2.0010.AR_1.65/2	3	22.966771564385148	53.94560002597723
200105_2.0010.AR_1.65/2	4	22.966824164991213	53.9455794522408
200105_2.0010.AR_1.65/2	5	22.967454469437286	53.946034957744914
200105_2.0010.AR_1.65/2	6	22.967554699886445	53.94596690015695
200105_2.0010.AR_1.65/2	7	22.966601323341248	53.94525917752182
200105_2.0010.AR_1.66/1	0	22.96670637885674	53.945125298105424
200105_2.0010.AR_1.66/1	1	22.966566324380814	53.94523317776373
200105_2.0010.AR_1.66/1	2	22.966601323341248	53.94525917752182
200105_2.0010.AR_1.66/1	3	22.9667433263974	53.945152572560744
200105_2.0010.AR_1.66/1	4	22.96670637885674	53.945125298105424
200105_2.0010.AR_1.66/2	0	22.9667433263974	53.945152572560744
200105_2.0010.AR_1.66/2	1	22.966601323341248	53.94525917752182
200105_2.0010.AR_1.66/2	2	22.967554699886445	53.94596690015695
200105_2.0010.AR_1.66/2	3	22.967706075839533	53.94586316014789
200105_2.0010.AR_1.66/2	4	22.9667433263974	53.945152572560744
200105_2.0010.AR_1.75/1	0	22.96745761919832	53.9445507527518
200105_2.0010.AR_1.75/1	1	22.96670637885674	53.945125298105424
200105_2.0010.AR_1.75/1	2	22.9667433263974	53.945152572560744
200105_2.0010.AR_1.75/1	3	22.96750174083028	53.94458356982641
200105_2.0010.AR_1.75/1	4	22.96745761919832	53.9445507527518
200105_2.0010.AR_1.75/2	0	22.96750174083028	53.94458356982641
200105_2.0010.AR_1.75/2	1	22.9667433263974	53.945152572560744
200105_2.0010.AR_1.75/2	2	22.967706075839533	53.94586316014789
200105_2.0010.AR_1.75/2	3	22.968138736937576	53.94560072578865
200105_2.0010.AR_1.75/2	4	22.968191078391467	53.94563999294226
200105_2.0010.AR_1.75/2	5	22.967738088014833	53.94588679765836
200105_2.0010.AR_1.75/2	6	22.96910580250197	53.94689737596945
200105_2.0010.AR_1.75/2	7	22.969342210968286	53.94690946839672
200105_2.0010.AR_1.75/2	8	22.970033953653193	53.94646837099801
200105_2.0010.AR_1.75/2	9	22.96750174083028	53.94458356982641
200105_2.0010.AR_1.76/1	0	22.967689553354433	53.94437339475384
200105_2.0010.AR_1.76/1	1	22.96745761919832	53.9445507527518
200105_2.0010.AR_1.76/1	2	22.96750174083028	53.94458356982641
200105_2.0010.AR_1.76/1	3	22.96773622824377	53.94440767137314
200105_2.0010.AR_1.76/1	4	22.967689553354433	53.94437339475384
200105_2.0010.AR_1.76/2	0	22.96773622824377	53.94440767137314
200105_2.0010.AR_1.76/2	1	22.96750174083028	53.94458356982641
200105_2.0010.AR_1.76/2	2	22.970033953653193	53.94646837099801
200105_2.0010.AR_1.76/2	3	22.97030236784523	53.94629410631419
200105_2.0010.AR_1.76/2	4	22.96773622824377	53.94440767137314
200105_2.0010.AR_1.81/1	0	22.967941669885104	53.94418048501536
200105_2.0010.AR_1.81/1	1	22.967689553354433	53.94437339475384
200105_2.0010.AR_1.81/1	2	22.96773622824377	53.94440767137314
200105_2.0010.AR_1.81/1	3	22.967990736876544	53.94421657919855
200105_2.0010.AR_1.81/1	4	22.967941669885104	53.94418048501536
200105_2.0010.AR_1.81/2	0	22.967990736876544	53.94421657919855
200105_2.0010.AR_1.81/2	1	22.96773622824377	53.94440767137314
200105_2.0010.AR_1.81/2	2	22.97030236784523	53.94629410631419
200105_2.0010.AR_1.81/2	3	22.970374347167436	53.946247369512534
200105_2.0010.AR_1.81/2	4	22.970660629400907	53.94618243149255
200105_2.0010.AR_1.81/2	5	22.967990736876544	53.94421657919855
200105_2.0010.AR_1.82/1	0	22.968065549920663	53.94408585327257
200105_2.0010.AR_1.82/1	1	22.967941669885104	53.94418048501536
200105_2.0010.AR_1.82/1	2	22.967990736876544	53.94421657919855
200105_2.0010.AR_1.82/1	3	22.96811566068509	53.94412285492674
200105_2.0010.AR_1.82/1	4	22.968065549920663	53.94408585327257
200105_2.0010.AR_1.82/2	0	22.96811566068509	53.94412285492674
200105_2.0010.AR_1.82/2	1	22.967990736876544	53.94421657919855
200105_2.0010.AR_1.82/2	2	22.970660629400907	53.94618243149255
200105_2.0010.AR_1.82/2	3	22.97084688861446	53.94614017799335
200105_2.0010.AR_1.82/2	4	22.96811566068509	53.94412285492674
200105_2.0010.AR_1.87/1	0	22.968560612045287	53.94370714138794
200105_2.0010.AR_1.87/1	1	22.968065549920663	53.94408585327257
200105_2.0010.AR_1.87/1	2	22.96811566068509	53.94412285492674
200105_2.0010.AR_1.87/1	3	22.968615659294294	53.943747779442425
200105_2.0010.AR_1.87/1	4	22.968560612045287	53.94370714138794
200105_2.0010.AR_1.87/2	0	22.968615659294294	53.943747779442425
200105_2.0010.AR_1.87/2	1	22.96811566068509	53.94412285492674
200105_2.0010.AR_1.87/2	2	22.97084688861446	53.94614017799335
200105_2.0010.AR_1.87/2	3	22.97164611945585	53.94598465411486
200105_2.0010.AR_1.87/2	4	22.968615659294294	53.943747779442425
200105_2.0010.AR_1.89/1	0	22.96955613635733	53.94294580422083
200105_2.0010.AR_1.89/1	1	22.968560612045287	53.94370714138794
200105_2.0010.AR_1.89/1	2	22.968615659294294	53.943747779442425
200105_2.0010.AR_1.89/1	3	22.969635033598955	53.94298278262671
200105_2.0010.AR_1.89/1	4	22.96955613635733	53.94294580422083
200105_2.0010.AR_1.89/2	0	22.97006098444316	53.94318267995415
200105_2.0010.AR_1.89/2	1	22.969635033598955	53.94298278262671
200105_2.0010.AR_1.89/2	2	22.968615659294294	53.943747779442425
200105_2.0010.AR_1.89/2	3	22.97164611945585	53.94598465411486
200105_2.0010.AR_1.89/2	4	22.973759095541382	53.94546853436797
200105_2.0010.AR_1.89/2	5	22.971156412466854	53.943546457415884
200105_2.0010.AR_1.89/2	6	22.97006098444316	53.94318267995415
200105_2.0010.AR_1.90/3	0	22.96994390350834	53.94264928247065
200105_2.0010.AR_1.90/3	1	22.969584077119265	53.9429244786029
200105_2.0010.AR_1.90/3	2	22.96966327446653	53.94296163927571
200105_2.0010.AR_1.90/3	3	22.969994462207232	53.94268664661282
200105_2.0010.AR_1.90/3	4	22.96994390350834	53.94264928247065
200105_2.0010.AR_1.90/4	0	22.96966327446653	53.94296163927571
200105_2.0010.AR_1.90/4	1	22.970086515264953	53.94316025529139
200105_2.0010.AR_1.90/4	2	22.971080572445942	53.943490367003854
200105_2.0010.AR_1.90/4	3	22.969994462207232	53.94268664661282
200105_2.0010.AR_1.90/4	4	22.96966327446653	53.94296163927571
200105_2.0010.AR_1.91/3	0	22.970432566717914	53.94227545009467
200105_2.0010.AR_1.91/3	1	22.96994390350834	53.94264928247065
200105_2.0010.AR_1.91/3	2	22.969994462207232	53.94268664661282
200105_2.0010.AR_1.91/3	3	22.970486276665138	53.94231472800715
200105_2.0010.AR_1.91/3	4	22.970432566717914	53.94227545009467
200105_2.0010.AR_1.91/4	0	22.970486276665138	53.94231472800715
200105_2.0010.AR_1.91/4	1	22.969994462207232	53.94268664661282
200105_2.0010.AR_1.91/4	2	22.971080572445942	53.943490367003854
200105_2.0010.AR_1.91/4	3	22.971706336937796	53.94366663061207
200105_2.0010.AR_1.91/4	4	22.972303035955576	53.94364379222879
200105_2.0010.AR_1.91/4	5	22.970486276665138	53.94231472800715
200105_2.0010.AR_1.97/3	0	22.971026461508117	53.94182119806842
200105_2.0010.AR_1.97/3	1	22.970432566717914	53.94227545009467
200105_2.0010.AR_1.97/3	2	22.970486276665138	53.94231472800715
200105_2.0010.AR_1.97/3	3	22.971083900818964	53.94186365260501
200105_2.0010.AR_1.97/3	4	22.971026461508117	53.94182119806842
200105_2.0010.AR_1.97/4	0	22.971623905338582	53.942262383060466
200105_2.0010.AR_1.97/4	1	22.971083900818964	53.94186365260501
200105_2.0010.AR_1.97/4	2	22.970486276665138	53.94231472800715
200105_2.0010.AR_1.97/4	3	22.972303035955576	53.94364379222879
200105_2.0010.AR_1.97/4	4	22.97319293810454	53.943645382343604
200105_2.0010.AR_1.97/4	5	22.9730641618675	53.943326013588674
200105_2.0010.AR_1.97/4	6	22.971623905338582	53.942262383060466
200105_2.0010.AR_1.98/3	0	22.97173991142902	53.94137883915675
200105_2.0010.AR_1.98/3	1	22.971673934212834	53.94133056108738
200105_2.0010.AR_1.98/3	2	22.97106386390421	53.94179285458015
200105_2.0010.AR_1.98/3	3	22.97112055733857	53.94183467372194
200105_2.0010.AR_1.98/3	4	22.971596579226805	53.94147860959346
200105_2.0010.AR_1.98/3	5	22.97173991142902	53.94137883915675
200105_2.0010.AR_1.98/4	0	22.97227415858513	53.94177014928708
200105_2.0010.AR_1.98/4	1	22.97173991142902	53.94137883915675
200105_2.0010.AR_1.98/4	2	22.971596579226805	53.94147860959346
200105_2.0010.AR_1.98/4	3	22.97112055733857	53.94183467372194
200105_2.0010.AR_1.98/4	4	22.97166130773067	53.9422340393882
200105_2.0010.AR_1.98/4	5	22.97227415858513	53.94177014928708
200105_2.0010.AR_1.98/5	0	22.97106386390421	53.94179285458015
200105_2.0010.AR_1.98/5	1	22.971026461508117	53.94182119806842
200105_2.0010.AR_1.98/5	2	22.971083900818964	53.94186365260501
200105_2.0010.AR_1.98/5	3	22.97112055733857	53.94183467372194
200105_2.0010.AR_1.98/5	4	22.97106386390421	53.94179285458015
200105_2.0010.AR_1.98/6	0	22.97166130773067	53.9422340393882
200105_2.0010.AR_1.98/6	1	22.97112055733857	53.94183467372194
200105_2.0010.AR_1.98/6	2	22.971083900818964	53.94186365260501
200105_2.0010.AR_1.98/6	3	22.971623905338582	53.942262383060466
200105_2.0010.AR_1.98/6	4	22.9730641618675	53.943326013588674
200105_2.0010.AR_1.98/6	5	22.972938117647473	53.94276531636712
200105_2.0010.AR_1.98/6	6	22.973377847129836	53.9425783124022
200105_2.0010.AR_1.98/6	7	22.97227415858513	53.94177014928708
200105_2.0010.AR_1.98/6	8	22.97166130773067	53.9422340393882
200105_2.0010.AR_1.103/5	0	22.972366238695898	53.94091757989399
200105_2.0010.AR_1.103/5	1	22.97231508195609	53.94087976234542
200105_2.0010.AR_1.103/5	2	22.97195119334411	53.94113561184582
200105_2.0010.AR_1.103/5	3	22.97201026785601	53.941179697337745
200105_2.0010.AR_1.103/5	4	22.972366238695898	53.94091757989399
200105_2.0010.AR_1.103/6	0	22.97201026785601	53.941179697337745
200105_2.0010.AR_1.103/6	1	22.973201066169544	53.94206795006331
200105_2.0010.AR_1.103/6	2	22.97364267800863	53.941859755351096
200105_2.0010.AR_1.103/6	3	22.972366238695898	53.94091757989399
200105_2.0010.AR_1.103/6	4	22.97201026785601	53.941179697337745
200105_2.0010.AR_1.103/7	0	22.97195119334411	53.94113561184582
200105_2.0010.AR_1.103/7	1	22.971673934212834	53.94133056108738
200105_2.0010.AR_1.103/7	2	22.97173991142902	53.94137883915675
200105_2.0010.AR_1.103/7	3	22.97201026785601	53.941179697337745
200105_2.0010.AR_1.103/7	4	22.97195119334411	53.94113561184582
200105_2.0010.AR_1.103/8	0	22.97201026785601	53.941179697337745
200105_2.0010.AR_1.103/8	1	22.97173991142902	53.94137883915675
200105_2.0010.AR_1.103/8	2	22.97227415858513	53.94177014928708
200105_2.0010.AR_1.103/8	3	22.973377847129836	53.9425783124022
200105_2.0010.AR_1.103/8	4	22.97371859859463	53.94243377152144
200105_2.0010.AR_1.103/8	5	22.97448579151717	53.94248201689327
200105_2.0010.AR_1.103/8	6	22.97364267800863	53.941859755351096
200105_2.0010.AR_1.103/8	7	22.973201066169544	53.94206795006331
200105_2.0010.AR_1.103/8	8	22.97201026785601	53.941179697337745
200105_2.0010.AR_1.215/1	0	22.969584077119265	53.9429244786029
200105_2.0010.AR_1.215/1	1	22.96955613635733	53.94294580422083
200105_2.0010.AR_1.215/1	2	22.969635033598955	53.94298278262671
200105_2.0010.AR_1.215/1	3	22.96966327446653	53.94296163927571
200105_2.0010.AR_1.215/1	4	22.969584077119265	53.9429244786029
200105_2.0010.AR_1.215/2	0	22.96966327446653	53.94296163927571
200105_2.0010.AR_1.215/2	1	22.969635033598955	53.94298278262671
200105_2.0010.AR_1.215/2	2	22.97006098444316	53.94318267995415
200105_2.0010.AR_1.215/2	3	22.971156412466854	53.943546457415884
200105_2.0010.AR_1.215/2	4	22.971693559995714	53.94370309238891
200105_2.0010.AR_1.215/2	5	22.972354919786568	53.9436893435382
200105_2.0010.AR_1.215/2	6	22.973201313537338	53.943682654077996
200105_2.0010.AR_1.215/2	7	22.97319293810454	53.943645382343604
200105_2.0010.AR_1.215/2	8	22.972303035955576	53.94364379222879
200105_2.0010.AR_1.215/2	9	22.971706336937796	53.94366663061207
200105_2.0010.AR_1.215/2	10	22.971080572445942	53.943490367003854
200105_2.0010.AR_1.215/2	11	22.970086515264953	53.94316025529139
200105_2.0010.AR_1.215/2	12	22.96966327446653	53.94296163927571
200105_2.0022.75/9	0	22.979312146187027	53.92048273126776
200105_2.0022.75/9	1	22.97938573021866	53.92072992069515
200105_2.0022.75/9	2	22.97934257653805	53.92083279811485
200105_2.0022.75/9	3	22.97935445519094	53.92122574813256
200105_2.0022.75/9	4	22.97939007993608	53.921225601628414
200105_2.0022.75/9	5	22.979508141143384	53.92122211216949
200105_2.0022.75/9	6	22.97952283764991	53.921031473442476
200105_2.0022.75/9	7	22.979467507471565	53.92081597859004
200105_2.0022.75/9	8	22.979312146187027	53.92048273126776
200105_2.0022.75/10	0	22.976165665753097	53.91828035922264
200105_2.0022.75/10	1	22.97779053457764	53.92191484791173
200105_2.0022.75/10	2	22.978329880350767	53.9219337247161
200105_2.0022.75/10	3	22.978516863991548	53.92173233136879
200105_2.0022.75/10	4	22.97866319655515	53.92151864119985
200105_2.0022.75/10	5	22.97887426115461	53.92134710447578
200105_2.0022.75/10	6	22.979128381060484	53.92122643229981
200105_2.0022.75/10	7	22.97935445519094	53.92122574813256
200105_2.0022.75/10	8	22.97934257653805	53.92083279811485
200105_2.0022.75/10	9	22.97938573021866	53.92072992069515
200105_2.0022.75/10	10	22.979312146187027	53.92048273126776
200105_2.0022.75/10	11	22.97814642980969	53.91798237632952
200105_2.0022.75/10	12	22.976165665753097	53.91828035922264
200105_2.0022.77/3	0	22.979363639241225	53.921304809333435
200105_2.0022.77/3	1	22.979407935435148	53.92147339563409
200105_2.0022.77/3	2	22.97943229886956	53.921972391540436
200105_2.0022.77/3	3	22.979450095125546	53.92197299205744
200105_2.0022.77/3	4	22.97950211465218	53.9213006846781
200105_2.0022.77/3	5	22.979363639241225	53.921304809333435
200105_2.0022.77/4	0	22.979407935435148	53.92147339563409
200105_2.0022.77/4	1	22.979363639241225	53.921304809333435
200105_2.0022.77/4	2	22.97910917149972	53.92137111636003
200105_2.0022.77/4	3	22.97888952184337	53.92152020642982
200105_2.0022.77/4	4	22.978854429810447	53.92160455209059
200105_2.0022.77/4	5	22.97862761862038	53.9218349001788
200105_2.0022.77/4	6	22.978604383652034	53.92190119576331
200105_2.0022.77/4	7	22.97856546431376	53.92194273748232
200105_2.0022.77/4	8	22.97943229886956	53.921972391540436
200105_2.0022.77/4	9	22.979407935435148	53.92147339563409
200105_2.0022.111/5	0	22.978610604385185	53.917836086537264
200105_2.0022.111/5	1	22.978574062847805	53.91783649456779
200105_2.0022.111/5	2	22.978450433158578	53.917600829572685
200105_2.0022.111/5	3	22.977911101199652	53.91639334123725
200105_2.0022.111/5	4	22.977872759695966	53.91639894536322
200105_2.0022.111/5	5	22.978016121657173	53.916736315973225
200105_2.0022.111/5	6	22.97951136626417	53.919941426412215
200105_2.0022.111/5	7	22.979570916767756	53.91994013534082
200105_2.0022.111/5	8	22.979230001749052	53.91918873989626
200105_2.0022.111/5	9	22.979205239899258	53.91913677251741
200105_2.0022.111/5	10	22.978820408862102	53.91830799607676
200105_2.0022.111/5	11	22.978610604385185	53.917836086537264
200105_2.0022.111/6	0	22.98194320860638	53.91655923194801
200105_2.0022.111/6	1	22.981730243268416	53.91644133262882
200105_2.0022.111/6	2	22.980553866317933	53.91600804099588
200105_2.0022.111/6	3	22.977911101199652	53.91639334123725
200105_2.0022.111/6	4	22.978450433158578	53.917600829572685
200105_2.0022.111/6	5	22.978574062847805	53.91783649456779
200105_2.0022.111/6	6	22.978610604385185	53.917836086537264
200105_2.0022.111/6	7	22.978820408862102	53.91830799607676
200105_2.0022.111/6	8	22.979205239899258	53.91913677251741
200105_2.0022.111/6	9	22.979230001749052	53.91918873989626
200105_2.0022.111/6	10	22.979570916767756	53.91994013534082
200105_2.0022.111/6	11	22.982162954119968	53.91988413835509
200105_2.0022.111/6	12	22.982221181125933	53.91912993397944
200105_2.0022.111/6	13	22.982357098120275	53.91894903823526
200105_2.0022.111/6	14	22.982947278645256	53.91850323218801
200105_2.0022.111/6	15	22.982917286307824	53.91842830808423
200105_2.0022.111/6	16	22.98288958159493	53.91839078331664
200105_2.0022.111/6	17	22.98202946999618	53.91662978114345
200105_2.0022.111/6	18	22.98194320860638	53.91655923194801
200105_2.0022.482/3	0	22.97515104581554	53.91093758279215
200105_2.0022.482/3	1	22.974814412073783	53.91100551553
200105_2.0022.482/3	2	22.97506375185731	53.91142601302919
200105_2.0022.482/3	3	22.975327152432225	53.91197485425423
200105_2.0022.482/3	4	22.975339604956876	53.91200083900352
200105_2.0022.482/3	5	22.975727240052485	53.91275345412394
200105_2.0022.482/3	6	22.975768346533396	53.91283997650925
200105_2.0022.482/3	7	22.9759695296669	53.91326383509009
200105_2.0022.482/3	8	22.976225866861917	53.913803718123276
200105_2.0022.482/3	9	22.976328772515394	53.914026988586805
200105_2.0022.482/3	10	22.9764245898364	53.91423519260719
200105_2.0022.482/3	11	22.97647084116499	53.914335506513915
200105_2.0022.482/3	12	22.97650883200502	53.91441885710076
200105_2.0022.482/3	13	22.977222742565402	53.91598501619903
200105_2.0022.482/3	14	22.977596243007607	53.91680193070838
200105_2.0022.482/3	15	22.978115932044204	53.917903582886595
200105_2.0022.482/3	16	22.97814642980969	53.91798237632952
200105_2.0022.482/3	17	22.979312146187027	53.92048273126776
200105_2.0022.482/3	18	22.979467507471565	53.92081597859004
200105_2.0022.482/3	19	22.97952283764991	53.921031473442476
200105_2.0022.482/3	20	22.979508141143384	53.92122211216949
200105_2.0022.482/3	21	22.97968843836829	53.921213400626435
200105_2.0022.482/3	22	22.97995340885313	53.92120325153384
200105_2.0022.482/3	23	22.97996570096147	53.921048714320335
200105_2.0022.482/3	24	22.979891681752314	53.92075677344923
200105_2.0022.482/3	25	22.97951136626417	53.919941426412215
200105_2.0022.482/3	26	22.978016121657173	53.916736315973225
200105_2.0022.482/3	27	22.977872759695966	53.91639894536322
200105_2.0022.482/3	28	22.977694144590103	53.91601562770061
200105_2.0022.482/3	29	22.977673754258138	53.91597178420049
200105_2.0022.482/3	30	22.97766757277977	53.91595690537072
200105_2.0022.482/3	31	22.977531246255438	53.915668206162984
200105_2.0022.482/3	32	22.97743358754861	53.91546025699588
200105_2.0022.482/3	33	22.977360671721133	53.915304904382914
200105_2.0022.482/3	34	22.97732768177468	53.91523480547904
200105_2.0022.482/3	35	22.9771964619883	53.91495531462158
200105_2.0022.482/3	36	22.97694300321905	53.91441518879598
200105_2.0022.482/3	37	22.976134997179393	53.912702748599465
200105_2.0022.482/3	38	22.976117196224646	53.91267761689125
200105_2.0022.482/3	39	22.975473655665667	53.91134306985821
200105_2.0022.482/3	40	22.975114786658853	53.91073401933008
200105_2.0022.482/3	41	22.97515104581554	53.91093758279215
200105_2.0022.482/4	0	22.974774192660977	53.910155944235505
200105_2.0022.482/4	1	22.97426426739383	53.90929050019397
200105_2.0022.482/4	2	22.973898501799994	53.90946088676294
200105_2.0022.482/4	3	22.97391033728666	53.90948093591512
200105_2.0022.482/4	4	22.974814412073783	53.91100551553
200105_2.0022.482/4	5	22.97515104581554	53.91093758279215
200105_2.0022.482/4	6	22.975114786658853	53.91073401933008
200105_2.0022.482/4	7	22.974774192660977	53.910155944235505
200105_2.0011.4/5	0	22.973112783968986	53.940360481037885
200105_2.0011.4/5	1	22.973013125410993	53.94035657390361
200105_2.0011.4/5	2	22.97248404441349	53.940753253675226
200105_2.0011.4/5	3	22.97231508195609	53.94087976234542
200105_2.0011.4/5	4	22.972366238695898	53.94091757989399
200105_2.0011.4/5	5	22.973112783968986	53.940360481037885
200105_2.0011.4/6	0	22.979682716282547	53.940616577362285
200105_2.0011.4/6	1	22.973112783968986	53.940360481037885
200105_2.0011.4/6	2	22.972366238695898	53.94091757989399
200105_2.0011.4/6	3	22.97364267800863	53.941859755351096
200105_2.0011.4/6	4	22.97448579151717	53.94248201689327
200105_2.0011.4/6	5	22.97451436661066	53.94250301745402
200105_2.0011.4/6	6	22.97514641812372	53.942969549798065
200105_2.0011.4/6	7	22.98032013862424	53.94200064139744
200105_2.0011.4/6	8	22.98005802848506	53.94163216551956
200105_2.0011.4/6	9	22.979877521996716	53.94130877066483
200105_2.0011.4/6	10	22.979707881657472	53.940777362720404
200105_2.0011.4/6	11	22.979682716282547	53.940616577362285
200105_2.0011.5/7	0	22.973644331710844	53.93993731223267
200105_2.0011.5/7	1	22.97357555051212	53.93993501723223
200105_2.0011.5/7	2	22.973013125410993	53.94035657390361
200105_2.0011.5/7	3	22.973112783968986	53.940360481037885
200105_2.0011.5/7	4	22.973177061580103	53.940310531779915
200105_2.0011.5/7	5	22.973644331710844	53.93993731223267
200105_2.0011.5/8	0	22.978738523587513	53.94010931652276
200105_2.0011.5/8	1	22.9766314195242	53.94003827794531
200105_2.0011.5/8	2	22.973644331710844	53.93993731223267
200105_2.0011.5/8	3	22.973177061580103	53.940310531779915
200105_2.0011.5/8	4	22.973112783968986	53.940360481037885
200105_2.0011.5/8	5	22.979682716282547	53.940616577362285
200105_2.0011.5/8	6	22.97964158455632	53.940354928458255
200105_2.0011.5/8	7	22.979649611373556	53.94031932405048
200105_2.0011.5/8	8	22.979648937740123	53.94031572411199
200105_2.0011.5/8	9	22.979088655039803	53.94029631686123
200105_2.0011.5/8	10	22.979039363807193	53.940119511732235
200105_2.0011.5/8	11	22.978738523587513	53.94010931652276
200105_2.0011.6/15	0	22.974620625584024	53.939182598042684
200105_2.0011.6/15	1	22.974581059808372	53.93918136171556
200105_2.0011.6/15	2	22.97357555051212	53.93993501723223
200105_2.0011.6/15	3	22.973644331710844	53.93993731223267
200105_2.0011.6/15	4	22.973963403443214	53.93968233278383
200105_2.0011.6/15	5	22.974620625584024	53.939182598042684
200105_2.0011.6/16	0	22.975186120364363	53.939274494176615
200105_2.0011.6/16	1	22.974639389001815	53.93923721063067
200105_2.0011.6/16	2	22.97464421278983	53.939183338532935
200105_2.0011.6/16	3	22.974620625584024	53.939182598042684
200105_2.0011.6/16	4	22.973963403443214	53.93968233278383
200105_2.0011.6/16	5	22.973644331710844	53.93993731223267
200105_2.0011.6/16	6	22.9766314195242	53.94003827794531
200105_2.0011.6/16	7	22.97675532328268	53.93925058251766
200105_2.0011.6/16	8	22.976051820525203	53.939228233597355
200105_2.0011.6/16	9	22.976029319415513	53.939382143868635
200105_2.0011.6/16	10	22.975886269629196	53.93961409915674
200105_2.0011.6/16	11	22.975788983280268	53.93974967019511
200105_2.0011.6/16	12	22.975770447236897	53.93975409476375
200105_2.0011.6/16	13	22.97514888859424	53.93959433148646
200105_2.0011.6/16	14	22.975186120364363	53.939274494176615
200105_2.0011.8/3	0	22.97492702056958	53.93895347605803
200105_2.0011.8/3	1	22.974887000422804	53.938952146097606
200105_2.0011.8/3	2	22.974581059808372	53.93918136171556
200105_2.0011.8/3	3	22.974620625584024	53.939182598042684
200105_2.0011.8/3	4	22.97492702056958	53.93895347605803
200105_2.0011.8/4	0	22.975523810110644	53.93897384317956
200105_2.0011.8/4	1	22.97492702056958	53.93895347605803
200105_2.0011.8/4	2	22.974620625584024	53.939182598042684
200105_2.0011.8/4	3	22.97464421278983	53.939183338532935
200105_2.0011.8/4	4	22.976051820525203	53.939228233597355
200105_2.0011.8/4	5	22.97675532328268	53.93925058251766
200105_2.0011.8/4	6	22.979468293284725	53.93933692198247
200105_2.0011.8/4	7	22.979465764290413	53.939321984495606
200105_2.0011.8/4	8	22.979470683204887	53.93929515951879
200105_2.0011.8/4	9	22.97943795527567	53.93910735318212
200105_2.0011.8/4	10	22.975523810110644	53.93897384317956
200105_2.0011.9/5	0	22.975023823336727	53.93888115981601
200105_2.0011.9/5	1	22.974983500938407	53.938879737452744
200105_2.0011.9/5	2	22.974887000422804	53.938952146097606
200105_2.0011.9/5	3	22.97492702056958	53.93895347605803
200105_2.0011.9/5	4	22.975023823336727	53.93888115981601
200105_2.0011.9/6	0	22.975598697489918	53.93890089027552
200105_2.0011.9/6	1	22.975023823336727	53.93888115981601
200105_2.0011.9/6	2	22.97492702056958	53.93895347605803
200105_2.0011.9/6	3	22.975523810110644	53.93897384317956
200105_2.0011.9/6	4	22.975598697489918	53.93890089027552
200105_2.0011.10/5	0	22.975128229605563	53.93880306776949
200105_2.0011.10/5	1	22.975087757221065	53.93880155430569
200105_2.0011.10/5	2	22.974983500938407	53.938879737452744
200105_2.0011.10/5	3	22.975023823336727	53.93888115981601
200105_2.0011.10/5	4	22.975128229605563	53.93880306776949
200105_2.0011.10/6	0	22.975677946906902	53.93882393102915
200105_2.0011.10/6	1	22.975128229605563	53.93880306776949
200105_2.0011.10/6	2	22.975023823336727	53.93888115981601
200105_2.0011.10/6	3	22.975598697489918	53.93890089027552
200105_2.0011.10/6	4	22.975677946906902	53.93882393102915
200105_2.0011.10/7	0	22.975277316115573	53.938691481316475
200105_2.0011.10/7	1	22.975236537113258	53.93869005514194
200105_2.0011.10/7	2	22.975087757221065	53.93880155430569
200105_2.0011.10/7	3	22.975128229605563	53.93880306776949
200105_2.0011.10/7	4	22.975277316115573	53.938691481316475
200105_2.0011.10/8	0	22.978702980965146	53.93880853678582
200105_2.0011.10/8	1	22.975277316115573	53.938691481316475
200105_2.0011.10/8	2	22.975128229605563	53.93880306776949
200105_2.0011.10/8	3	22.975677946906902	53.93882393102915
200105_2.0011.10/8	4	22.975598697489918	53.93890089027552
200105_2.0011.10/8	5	22.97881755735492	53.939012134952534
200105_2.0011.10/8	6	22.97881507203101	53.93903907045097
200105_2.0011.10/8	7	22.97907329575646	53.939047914869114
200105_2.0011.10/8	8	22.979076085435555	53.93902098195297
200105_2.0011.10/8	9	22.979421495157023	53.93903299274533
200105_2.0011.10/8	10	22.979416585112507	53.939003298735685
200105_2.0011.10/8	11	22.97939421555767	53.93887156032039
200105_2.0011.10/8	12	22.978699953227064	53.93883897203277
200105_2.0011.10/8	13	22.978702980965146	53.93880853678582
200105_2.0011.11/3	0	22.97537070853808	53.93862156179907
200105_2.0011.11/3	1	22.975329470622533	53.93862022159646
200105_2.0011.11/3	2	22.975236537113258	53.93869005514194
200105_2.0011.11/3	3	22.975277316115573	53.938691481316475
200105_2.0011.11/3	4	22.97537070853808	53.93862156179907
200105_2.0011.11/4	0	22.97794648844134	53.93870514803095
200105_2.0011.11/4	1	22.97537070853808	53.93862156179907
200105_2.0011.11/4	2	22.975277316115573	53.938691481316475
200105_2.0011.11/4	3	22.978702980965146	53.93880853678582
200105_2.0011.11/4	4	22.978699953227064	53.93883897203277
200105_2.0011.11/4	5	22.97939421555767	53.93887156032039
200105_2.0011.11/4	6	22.97937384716154	53.938751430252104
200105_2.0011.11/4	7	22.979348585249568	53.938750676459286
200105_2.0011.11/4	8	22.97794648844134	53.93870514803095
200105_2.0011.12/5	0	22.975779366154843	53.93832681693215
200105_2.0011.12/5	1	22.975723677234203	53.93832481450264
200105_2.0011.12/5	2	22.975329470622533	53.93862022159646
200105_2.0011.12/5	3	22.97537070853808	53.93862156179907
200105_2.0011.12/5	4	22.975779366154843	53.93832681693215
200105_2.0011.12/6	0	22.977977139927383	53.93840439311484
200105_2.0011.12/6	1	22.975779366154843	53.93832681693215
200105_2.0011.12/6	2	22.97537070853808	53.93862156179907
200105_2.0011.12/6	3	22.97794648844134	53.93870514803095
200105_2.0011.12/6	4	22.977977139927383	53.93840439311484
200105_2.0011.13/9	0	22.976287078300242	53.93796067117819
200105_2.0011.13/9	1	22.976212823354828	53.93795815131082
200105_2.0011.13/9	2	22.975723677234203	53.93832481450264
200105_2.0011.13/9	3	22.975779366154843	53.93832681693215
200105_2.0011.13/9	4	22.976287078300242	53.93796067117819
200105_2.0011.13/10	0	22.97633226986937	53.93796222446136
200105_2.0011.13/10	1	22.976287078300242	53.93796067117819
200105_2.0011.13/10	2	22.975779366154843	53.93832681693215
200105_2.0011.13/10	3	22.977977139927383	53.93840439311484
200105_2.0011.13/10	4	22.978510608037293	53.93842321819652
200105_2.0011.13/10	5	22.978530844035138	53.938218250320666
200105_2.0011.13/10	6	22.977894509637892	53.938196213763675
200105_2.0011.13/10	7	22.97791230002358	53.93801665425404
200105_2.0011.13/10	8	22.97633226986937	53.93796222446136
200105_2.0011.14/3	0	22.9765405767996	53.93776407120702
200105_2.0011.14/3	1	22.976459622934588	53.937761494409344
200105_2.0011.14/3	2	22.976212823354828	53.93795815131082
200105_2.0011.14/3	3	22.976287078300242	53.93796067117819
200105_2.0011.14/3	4	22.97633226986937	53.93796222446136
200105_2.0011.14/3	5	22.9765405767996	53.93776407120702
200105_2.0011.14/4	0	22.979216950078733	53.937848397658584
200105_2.0011.14/4	1	22.9765405767996	53.93776407120702
200105_2.0011.14/4	2	22.97633226986937	53.93796222446136
200105_2.0011.14/4	3	22.97791230002358	53.93801665425404
200105_2.0011.14/4	4	22.97862440951632	53.93804122207702
200105_2.0011.14/4	5	22.979254812741967	53.93806284494838
200105_2.0011.14/4	6	22.979216950078733	53.937848397658584
200105_2.0011.15/3	0	22.977055308739576	53.93734074410872
200105_2.0011.15/3	1	22.976989874596416	53.93733874911871
200105_2.0011.15/3	2	22.976459622934588	53.937761494409344
200105_2.0011.15/3	3	22.9765405767996	53.93776407120702
200105_2.0011.15/3	4	22.97660902646442	53.93769888024421
200105_2.0011.15/3	5	22.977055308739576	53.93734074410872
200105_2.0011.15/4	0	22.979141406981995	53.93740584653681
200105_2.0011.15/4	1	22.977055308739576	53.93734074410872
200105_2.0011.15/4	2	22.97660902646442	53.93769888024421
200105_2.0011.15/4	3	22.9765405767996	53.93776407120702
200105_2.0011.15/4	4	22.979216950078733	53.937848397658584
200105_2.0011.15/4	5	22.979149928850106	53.93740609867775
200105_2.0011.15/4	6	22.979141406981995	53.93740584653681
200105_2.0011.16/3	0	22.97757589479465	53.93693291979042
200105_2.0011.16/3	1	22.97750225279299	53.93693031607507
200105_2.0011.16/3	2	22.976989874596416	53.93733874911871
200105_2.0011.16/3	3	22.977055308739576	53.93734074410872
200105_2.0011.16/3	4	22.97757589479465	53.93693291979042
200105_2.0011.16/4	0	22.979075052519665	53.936986196718365
200105_2.0011.16/4	1	22.97757589479465	53.93693291979042
200105_2.0011.16/4	2	22.977055308739576	53.93734074410872
200105_2.0011.16/4	3	22.979141406981995	53.93740584653681
200105_2.0011.16/4	4	22.979075052519665	53.936986196718365
200105_2.0011.17/3	0	22.97807891644255	53.936533030779756
200105_2.0011.17/3	1	22.978008410152317	53.93652676997708
200105_2.0011.17/3	2	22.97750225279299	53.93693031607507
200105_2.0011.17/3	3	22.97757589479465	53.93693291979042
200105_2.0011.17/3	4	22.977836953318697	53.93673179882427
200105_2.0011.17/3	5	22.97807891644255	53.936533030779756
200105_2.0011.17/4	0	22.97900172934218	53.9366150095408
200105_2.0011.17/4	1	22.97807891644255	53.936533030779756
200105_2.0011.17/4	2	22.977836953318697	53.93673179882427
200105_2.0011.17/4	3	22.97757589479465	53.93693291979042
200105_2.0011.17/4	4	22.979075052519665	53.936986196718365
200105_2.0011.17/4	5	22.97906661333676	53.93693266098918
200105_2.0011.17/4	6	22.97900172934218	53.9366150095408
200105_2.0011.18/7	0	22.978096633128523	53.9365184452198
200105_2.0011.18/7	1	22.978021610581145	53.93651627935143
200105_2.0011.18/7	2	22.978008410152317	53.93652676997708
200105_2.0011.18/7	3	22.97807891644255	53.936533030779756
200105_2.0011.18/7	4	22.978096633128523	53.9365184452198
200105_2.0011.18/8	0	22.978790277716353	53.9365310839974
200105_2.0011.18/8	1	22.978592841998804	53.93652176745154
200105_2.0011.18/8	2	22.978591969680362	53.9365325426893
200105_2.0011.18/8	3	22.978096633128523	53.9365184452198
200105_2.0011.18/8	4	22.97807891644255	53.936533030779756
200105_2.0011.18/8	5	22.97900172934218	53.9366150095408
200105_2.0011.18/8	6	22.97898662802549	53.936541199690744
200105_2.0011.18/8	7	22.978790277716353	53.9365310839974
200105_2.0011.18/9	0	22.978452397855975	53.93620544989897
200105_2.0011.18/9	1	22.978412671543072	53.936204662734724
200105_2.0011.18/9	2	22.978021610581145	53.93651627935143
200105_2.0011.18/9	3	22.978096633128523	53.9365184452198
200105_2.0011.18/9	4	22.97836345345592	53.93629320101626
200105_2.0011.18/9	5	22.978452397855975	53.93620544989897
200105_2.0011.18/10	0	22.97846259422631	53.93620571633168
200105_2.0011.18/10	1	22.978452397855975	53.93620544989897
200105_2.0011.18/10	2	22.97836345345592	53.93629320101626
200105_2.0011.18/10	3	22.978096633128523	53.9365184452198
200105_2.0011.18/10	4	22.978591969680362	53.9365325426893
200105_2.0011.18/10	5	22.978592841998804	53.93652176745154
200105_2.0011.18/10	6	22.978790277716353	53.9365310839974
200105_2.0011.18/10	7	22.97898662802549	53.936541199690744
200105_2.0011.18/10	8	22.9789492601937	53.93641885831129
200105_2.0011.18/10	9	22.9788613733728	53.9362138696726
200105_2.0011.18/10	10	22.97846259422631	53.93620571633168
200105_2.0011.19/1	0	22.978623328131803	53.9360280013289
200105_2.0011.19/1	1	22.97876090509525	53.936019017508094
200105_2.0011.19/1	2	22.978697277805722	53.935905707871115
200105_2.0011.19/1	3	22.978474641685942	53.936155140309666
200105_2.0011.19/1	4	22.978412671543072	53.936204662734724
200105_2.0011.19/1	5	22.978452397855975	53.93620544989897
200105_2.0011.19/1	6	22.97846259422631	53.93620571633168
200105_2.0011.19/1	7	22.978540764442258	53.93612263585306
200105_2.0011.19/1	8	22.978623328131803	53.9360280013289
200105_2.0011.19/2	0	22.978623328131803	53.9360280013289
200105_2.0011.19/2	1	22.978540764442258	53.93612263585306
200105_2.0011.19/2	2	22.97846259422631	53.93620571633168
200105_2.0011.19/2	3	22.9788613733728	53.9362138696726
200105_2.0011.19/2	4	22.97887050619056	53.936214037173066
200105_2.0011.19/2	5	22.97876090509525	53.936019017508094
200105_2.0011.19/2	6	22.978623328131803	53.9360280013289
200105_2.0011.68/3	0	22.97773746135599	53.9361919090865
200105_2.0011.68/3	1	22.977725658199944	53.936244913215084
200105_2.0011.68/3	2	22.977893545640967	53.93627931898947
200105_2.0011.68/3	3	22.97798157976119	53.93621016055413
200105_2.0011.68/3	4	22.97773746135599	53.9361919090865
200105_2.0011.68/4	0	22.977725658199944	53.936244913215084
200105_2.0011.68/4	1	22.97773746135599	53.9361919090865
200105_2.0011.68/4	2	22.976881828469608	53.93612810451111
200105_2.0011.68/4	3	22.97663232952205	53.93608707152102
200105_2.0011.68/4	4	22.976618444675566	53.93621886107368
200105_2.0011.68/4	5	22.976591512359537	53.93647310233141
200105_2.0011.68/4	6	22.97759839168501	53.93651106013932
200105_2.0011.68/4	7	22.977893545640967	53.93627931898947
200105_2.0011.68/4	8	22.977725658199944	53.936244913215084
200105_2.0011.76/3	0	22.97775275747239	53.936120604167385
200105_2.0011.76/3	1	22.97774692655335	53.93614733147293
200105_2.0011.76/3	2	22.978034215636914	53.93616873577584
200105_2.0011.76/3	3	22.978065430395194	53.93614393169054
200105_2.0011.76/3	4	22.97775275747239	53.936120604167385
200105_2.0011.76/4	0	22.97751681418856	53.9359174992427
200105_2.0011.76/4	1	22.977459790022472	53.93612592778026
200105_2.0011.76/4	2	22.97774692655335	53.93614733147293
200105_2.0011.76/4	3	22.97775275747239	53.936120604167385
200105_2.0011.76/4	4	22.978065430395194	53.93614393169054
200105_2.0011.76/4	5	22.978280665192315	53.93597315043877
200105_2.0011.76/4	6	22.97751681418856	53.9359174992427
200105_2.0011.94/1	0	22.979031736744368	53.93416337815661
200105_2.0011.94/1	1	22.97895306234553	53.93416127166527
200105_2.0011.94/1	2	22.978942405470242	53.93429839041196
200105_2.0011.94/1	3	22.979030359618537	53.93417612593082
200105_2.0011.94/1	4	22.979031736744368	53.93416337815661
200105_2.0011.94/2	0	22.97955902115171	53.93417756361251
200105_2.0011.94/2	1	22.979128214781362	53.93416599534654
200105_2.0011.94/2	2	22.979031736744368	53.93416337815661
200105_2.0011.94/2	3	22.979030359618537	53.93417612593082
200105_2.0011.94/2	4	22.978942405470242	53.93429839041196
200105_2.0011.94/2	5	22.978934358478124	53.93440345293111
200105_2.0011.94/2	6	22.97979054251831	53.934430856238414
200105_2.0011.94/2	7	22.97981878349956	53.93418453266075
200105_2.0011.94/2	8	22.97955902115171	53.93417756361251
200105_2.0011.95/9	0	22.97904551269695	53.93402323082699
200105_2.0011.95/9	1	22.978963789330024	53.93402127813487
200105_2.0011.95/9	2	22.97895306234553	53.93416127166527
200105_2.0011.95/9	3	22.979031736744368	53.93416337815661
200105_2.0011.95/9	4	22.97904551269695	53.93402323082699
200105_2.0011.95/10	0	22.97913986779198	53.93402547054088
200105_2.0011.95/10	1	22.97904551269695	53.93402323082699
200105_2.0011.95/10	2	22.979031736744368	53.93416337815661
200105_2.0011.95/10	3	22.979128214781362	53.93416599534654
200105_2.0011.95/10	4	22.97913986779198	53.93402547054088
200105_2.0011.97/9	0	22.97913154472472	53.933698954763386
200105_2.0011.97/9	1	22.979134014132747	53.933672648090386
200105_2.0011.97/9	2	22.97899098659748	53.93366819750583
200105_2.0011.97/9	3	22.978963789330024	53.93402127813487
200105_2.0011.97/9	4	22.97904551269695	53.93402323082699
200105_2.0011.97/9	5	22.97905160415981	53.93396083303507
200105_2.0011.97/9	6	22.97906093821352	53.93375936648887
200105_2.0011.97/9	7	22.97913154472472	53.933698954763386
200105_2.0011.97/10	0	22.979134014132747	53.933672648090386
200105_2.0011.97/10	1	22.97913154472472	53.933698954763386
200105_2.0011.97/10	2	22.97906093821352	53.93375936648887
200105_2.0011.97/10	3	22.97905160415981	53.93396083303507
200105_2.0011.97/10	4	22.97904551269695	53.93402323082699
200105_2.0011.97/10	5	22.97913986779198	53.93402547054088
200105_2.0011.97/10	6	22.979145065398402	53.9339622564478
200105_2.0011.97/10	7	22.979555815371164	53.93397194700557
200105_2.0011.97/10	8	22.97976887756549	53.93397690198396
200105_2.0011.97/10	9	22.979784337051804	53.93369273051533
200105_2.0011.97/10	10	22.979134014132747	53.933672648090386
200105_2.0011.152/1	0	22.979148063664997	53.93352127112705
200105_2.0011.152/1	1	22.97901015433158	53.93341946069603
200105_2.0011.152/1	2	22.97899857089289	53.93356960063456
200105_2.0011.152/1	3	22.979142950714518	53.933574781549595
200105_2.0011.152/1	4	22.979148063664997	53.93352127112705
200105_2.0011.152/2	0	22.979148063664997	53.93352127112705
200105_2.0011.152/2	1	22.979142950714518	53.933574781549595
200105_2.0011.152/2	2	22.982407692017233	53.93369261154571
200105_2.0011.152/2	3	22.982453331585454	53.93369434605065
200105_2.0011.152/2	4	22.98245575729915	53.93354457752349
200105_2.0011.152/2	5	22.97901015433158	53.93341946069603
200105_2.0011.152/2	6	22.979148063664997	53.93352127112705
200105_2.0010.AR_1.19/1	0	22.95722179892786	53.95443493851854
200105_2.0010.AR_1.19/1	1	22.95708639355294	53.955092942215366
200105_2.0010.AR_1.19/1	2	22.95713126390785	53.955126398518786
200105_2.0010.AR_1.19/1	3	22.957267636934	53.95443569581448
200105_2.0010.AR_1.19/1	4	22.95722179892786	53.95443493851854
200105_2.0010.AR_1.19/2	0	22.95732607033689	53.954151451255235
200105_2.0010.AR_1.19/2	1	22.957267636934	53.95443569581448
200105_2.0010.AR_1.19/2	2	22.95713126390785	53.955126398518786
200105_2.0010.AR_1.19/2	3	22.957795374606267	53.95562070540932
200105_2.0010.AR_1.19/2	4	22.959663436966075	53.95585066277651
200105_2.0010.AR_1.19/2	5	22.959837239741606	53.955754045696565
200105_2.0010.AR_1.19/2	6	22.957578713742798	53.954088318902876
200105_2.0010.AR_1.19/2	7	22.95732607033689	53.954151451255235
200105_2.0010.AR_1.20/1	0	22.957330686360333	53.953905377390804
200105_2.0010.AR_1.20/1	1	22.957283881785703	53.954132664722295
200105_2.0010.AR_1.20/1	2	22.957332479252546	53.954120506769435
200105_2.0010.AR_1.20/1	3	22.957376162663113	53.95393892872821
200105_2.0010.AR_1.20/1	4	22.957330686360333	53.953905377390804
200105_2.0010.AR_1.20/2	0	22.957332479252546	53.954120506769435
200105_2.0010.AR_1.20/2	1	22.957549093337146	53.95406649658085
200105_2.0010.AR_1.20/2	2	22.957376162663113	53.95393892872821
200105_2.0010.AR_1.20/2	3	22.957332479252546	53.954120506769435
200105_2.0010.AR_1.22/3	0	22.95759467694231	53.95302690572184
200105_2.0010.AR_1.22/3	1	22.957538580128908	53.95298553473253
200105_2.0010.AR_1.22/3	2	22.957330686360333	53.953905377390804
200105_2.0010.AR_1.22/3	3	22.957376162663113	53.95393892872821
200105_2.0010.AR_1.22/3	4	22.957496537976297	53.9533578901222
200105_2.0010.AR_1.22/3	5	22.95759467694231	53.95302690572184
200105_2.0010.AR_1.22/4	0	22.95759467694231	53.95302690572184
200105_2.0010.AR_1.22/4	1	22.957496537976297	53.9533578901222
200105_2.0010.AR_1.22/4	2	22.957376162663113	53.95393892872821
200105_2.0010.AR_1.22/4	3	22.957549093337146	53.95406649658085
200105_2.0010.AR_1.22/4	4	22.95863614914835	53.95379512652212
200105_2.0010.AR_1.22/4	5	22.95759467694231	53.95302690572184
200105_2.0010.AR_1.26/1	0	22.958914285186758	53.95108785763227
200105_2.0010.AR_1.26/1	1	22.958185498646767	53.95169938534831
200105_2.0010.AR_1.26/1	2	22.958306662915085	53.95178885381155
200105_2.0010.AR_1.26/1	3	22.958983966160186	53.95108531655822
200105_2.0010.AR_1.26/1	4	22.958914285186758	53.95108785763227
200105_2.0010.AR_1.26/2	0	22.959236316882997	53.951075911779796
200105_2.0010.AR_1.26/2	1	22.958983966160186	53.95108531655822
200105_2.0010.AR_1.26/2	2	22.958306662915085	53.95178885381155
200105_2.0010.AR_1.26/2	3	22.96046018569417	53.95337880981442
200105_2.0010.AR_1.26/2	4	22.96076352473387	53.95326156725669
200105_2.0010.AR_1.26/2	5	22.96109050145159	53.95302070765259
200105_2.0010.AR_1.26/2	6	22.961484629258944	53.952750326144155
200105_2.0010.AR_1.26/2	7	22.960068647559382	53.95169566433901
200105_2.0010.AR_1.26/2	8	22.959236316882997	53.951075911779796
200105_2.0010.AR_1.27/1	0	22.95909916274763	53.95097399550083
200105_2.0010.AR_1.27/1	1	22.95907313858944	53.950954630795465
200105_2.0010.AR_1.27/1	2	22.958939022809187	53.95106713570295
200105_2.0010.AR_1.27/1	3	22.959002598188423	53.951065080838084
200105_2.0010.AR_1.27/1	4	22.95909916274763	53.95097399550083
200105_2.0010.AR_1.27/2	0	22.959002598188423	53.951065080838084
200105_2.0010.AR_1.27/2	1	22.95921268694612	53.951058275101445
200105_2.0010.AR_1.27/2	2	22.95909916274763	53.95097399550083
200105_2.0010.AR_1.27/2	3	22.959002598188423	53.951065080838084
200105_2.0010.AR_1.30/3	0	22.959136469421825	53.950944037476056
200105_2.0010.AR_1.30/3	1	22.959111793617087	53.95092558301614
200105_2.0010.AR_1.30/3	2	22.95907313858944	53.950954630795465
200105_2.0010.AR_1.30/3	3	22.95909916274763	53.95097399550083
200105_2.0010.AR_1.30/3	4	22.959136469421825	53.950944037476056
200105_2.0010.AR_1.30/4	0	22.959136469421825	53.950944037476056
200105_2.0010.AR_1.30/4	1	22.95909916274763	53.95097399550083
200105_2.0010.AR_1.30/4	2	22.95921268694612	53.951058275101445
200105_2.0010.AR_1.30/4	3	22.959283492138017	53.951053407353115
200105_2.0010.AR_1.30/4	4	22.959136469421825	53.950944037476056
200105_2.0010.AR_1.30/5	0	22.959111793617087	53.95092558301614
200105_2.0010.AR_1.30/5	1	22.959136469421825	53.950944037476056
200105_2.0010.AR_1.30/5	2	22.95984497026518	53.95037527927208
200105_2.0010.AR_1.30/5	3	22.959111793617087	53.95092558301614
200105_2.0010.AR_1.30/6	0	22.959136469421825	53.950944037476056
200105_2.0010.AR_1.30/6	1	22.959283492138017	53.951053407353115
200105_2.0010.AR_1.30/6	2	22.960550661147554	53.95096616665658
200105_2.0010.AR_1.30/6	3	22.96062466586055	53.95094901561233
200105_2.0010.AR_1.30/6	4	22.95984497026518	53.95037527927208
200105_2.0010.AR_1.30/6	5	22.959136469421825	53.950944037476056
200105_2.0010.AR_1.24/3	0	22.95818843379935	53.95191164930625
200105_2.0010.AR_1.24/3	1	22.958306662915085	53.95178885381155
200105_2.0010.AR_1.24/3	2	22.958185498646767	53.95169938534831
200105_2.0010.AR_1.24/3	3	22.957850974190453	53.951979977595656
200105_2.0010.AR_1.24/3	4	22.95763563544454	53.952459734341794
200105_2.0010.AR_1.24/3	5	22.95761288817628	53.95265712901917
200105_2.0010.AR_1.24/3	6	22.957538580128908	53.95298553473253
200105_2.0010.AR_1.24/3	7	22.95759467694231	53.95302690572184
200105_2.0010.AR_1.24/3	8	22.957623796001094	53.952928317442144
200105_2.0010.AR_1.24/3	9	22.957862819157036	53.95242136030799
200105_2.0010.AR_1.24/3	10	22.957963232950984	53.95224943939963
200105_2.0010.AR_1.24/3	11	22.95818843379935	53.95191164930625
200105_2.0010.AR_1.24/4	0	22.95818843379935	53.95191164930625
200105_2.0010.AR_1.24/4	1	22.957963232950984	53.95224943939963
200105_2.0010.AR_1.24/4	2	22.957862819157036	53.95242136030799
200105_2.0010.AR_1.24/4	3	22.957623796001094	53.952928317442144
200105_2.0010.AR_1.24/4	4	22.95759467694231	53.95302690572184
200105_2.0010.AR_1.24/4	5	22.95863614914835	53.95379512652212
200105_2.0010.AR_1.24/4	6	22.958764055376307	53.95373657123085
200105_2.0010.AR_1.24/4	7	22.959845990908608	53.953584563696964
200105_2.0010.AR_1.24/4	8	22.96046018569417	53.95337880981442
200105_2.0010.AR_1.24/4	9	22.958306662915085	53.95178885381155
200105_2.0010.AR_1.24/4	10	22.95818843379935	53.95191164930625
200105_2.0010.AR_1.197/1	0	22.95849985300567	53.950987041691306
200105_2.0010.AR_1.197/1	1	22.958788796255202	53.951092520771596
200105_2.0010.AR_1.197/1	2	22.958914285186758	53.95108785763227
200105_2.0010.AR_1.197/1	3	22.958983966160186	53.95108531655822
200105_2.0010.AR_1.197/1	4	22.959002598188423	53.951065080838084
200105_2.0010.AR_1.197/1	5	22.958939022809187	53.95106713570295
200105_2.0010.AR_1.197/1	6	22.95881644560941	53.951071105261235
200105_2.0010.AR_1.197/1	7	22.958529493567568	53.950965194232744
200105_2.0010.AR_1.197/1	8	22.95849985300567	53.950987041691306
200105_2.0010.AR_1.197/2	0	22.96056143372661	53.95099240779419
200105_2.0010.AR_1.197/2	1	22.96065428346015	53.95097092702054
200105_2.0010.AR_1.197/2	2	22.96062466586055	53.95094901561233
200105_2.0010.AR_1.197/2	3	22.960550661147554	53.95096616665658
200105_2.0010.AR_1.197/2	4	22.959283492138017	53.951053407353115
200105_2.0010.AR_1.197/2	5	22.95921268694612	53.951058275101445
200105_2.0010.AR_1.197/2	6	22.959002598188423	53.951065080838084
200105_2.0010.AR_1.197/2	7	22.958983966160186	53.95108531655822
200105_2.0010.AR_1.197/2	8	22.959236316882997	53.951075911779796
200105_2.0010.AR_1.197/2	9	22.959307570064738	53.95107140732012
200105_2.0010.AR_1.197/2	10	22.96056143372661	53.95099240779419
200105_2.0010.AR_1.205/5	0	22.957332479252546	53.954120506769435
200105_2.0010.AR_1.205/5	1	22.957283881785703	53.954132664722295
200105_2.0010.AR_1.205/5	2	22.957227011744088	53.95440919526958
200105_2.0010.AR_1.205/5	3	22.9568269823136	53.95440158893546
200105_2.0010.AR_1.205/5	4	22.956820828449217	53.95442840226121
200105_2.0010.AR_1.205/5	5	22.95722179892786	53.95443493851854
200105_2.0010.AR_1.205/5	6	22.957267636934	53.95443569581448
200105_2.0010.AR_1.205/5	7	22.95732607033689	53.954151451255235
200105_2.0010.AR_1.205/5	8	22.957332479252546	53.954120506769435
200105_2.0010.AR_1.205/6	0	22.958785265166718	53.95374744785441
200105_2.0010.AR_1.205/6	1	22.95986520322699	53.953602251843115
200105_2.0010.AR_1.205/6	2	22.96047754549611	53.953391360075564
200105_2.0010.AR_1.205/6	3	22.96078329028807	53.95327539626071
200105_2.0010.AR_1.205/6	4	22.961084032964706	53.95305416776779
200105_2.0010.AR_1.205/6	5	22.961113982751975	53.95303214264177
200105_2.0010.AR_1.205/6	6	22.961129002525094	53.953022388439365
200105_2.0010.AR_1.205/6	7	22.961512897879917	53.9527714169671
200105_2.0010.AR_1.205/6	8	22.96172025356784	53.95264193059795
200105_2.0010.AR_1.205/6	9	22.961947650406966	53.95256419403781
200105_2.0010.AR_1.205/6	10	22.962507933040623	53.95243038731471
200105_2.0010.AR_1.205/6	11	22.962584709220263	53.952424401061336
200105_2.0010.AR_1.205/6	12	22.96265098501582	53.95241796466508
200105_2.0010.AR_1.205/6	13	22.963258768288004	53.95235887501203
200105_2.0010.AR_1.205/6	14	22.96359783579491	53.95232990207946
200105_2.0010.AR_1.205/6	15	22.963773500258036	53.95231084058645
200105_2.0010.AR_1.205/6	16	22.96380664689022	53.95230726271947
200105_2.0010.AR_1.205/6	17	22.964150535411207	53.952305016856
200105_2.0010.AR_1.205/6	18	22.964677214645594	53.95230964696534
200105_2.0010.AR_1.205/6	19	22.965310485373745	53.95230387111723
200105_2.0010.AR_1.205/6	20	22.96589230994043	53.95240709289277
200105_2.0010.AR_1.205/6	21	22.965917193932704	53.9523926606757
200105_2.0010.AR_1.205/6	22	22.9653154972101	53.952286033069505
200105_2.0010.AR_1.205/6	23	22.964643456213697	53.952282579122674
200105_2.0010.AR_1.205/6	24	22.964149527998078	53.95227805156095
200105_2.0010.AR_1.205/6	25	22.963802286695923	53.952280358356234
200105_2.0010.AR_1.205/6	26	22.96359027058034	53.9523032396234
200105_2.0010.AR_1.205/6	27	22.963251657980972	53.95233230631519
200105_2.0010.AR_1.205/6	28	22.962577142406612	53.952397828380896
200105_2.0010.AR_1.205/6	29	22.96249513649662	53.95240583613643
200105_2.0010.AR_1.205/6	30	22.961924615989787	53.95254090216246
200105_2.0010.AR_1.205/6	31	22.961697373776666	53.95261855016001
200105_2.0010.AR_1.205/6	32	22.961484629258944	53.952750326144155
200105_2.0010.AR_1.205/6	33	22.96109050145159	53.95302070765259
200105_2.0010.AR_1.205/6	34	22.96076352473387	53.95326156725669
200105_2.0010.AR_1.205/6	35	22.96046018569417	53.95337880981442
200105_2.0010.AR_1.205/6	36	22.959845990908608	53.953584563696964
200105_2.0010.AR_1.205/6	37	22.958764055376307	53.95373657123085
200105_2.0010.AR_1.205/6	38	22.95863614914835	53.95379512652212
200105_2.0010.AR_1.205/6	39	22.957549093337146	53.95406649658085
200105_2.0010.AR_1.205/6	40	22.957332479252546	53.954120506769435
200105_2.0010.AR_1.205/6	41	22.95732607033689	53.954151451255235
200105_2.0010.AR_1.205/6	42	22.957578713742798	53.954088318902876
200105_2.0010.AR_1.205/6	43	22.958665767696218	53.95381703841482
200105_2.0010.AR_1.205/6	44	22.958785265166718	53.95374744785441
200105_2.0020.AR_15.139/5	0	22.982620211856826	53.894011321620525
200105_2.0020.AR_15.139/5	1	22.982482706112883	53.89430488409036
200105_2.0020.AR_15.139/5	2	22.982507141663124	53.89432602765474
200105_2.0020.AR_15.139/5	3	22.98264672625811	53.8940157695496
200105_2.0020.AR_15.139/5	4	22.982620211856826	53.894011321620525
200105_2.0020.AR_15.139/6	0	22.98343831992475	53.89230173166076
200105_2.0020.AR_15.139/6	1	22.983845018957215	53.89143950145036
200105_2.0020.AR_15.139/6	2	22.984238070475808	53.89056852814667
200105_2.0020.AR_15.139/6	3	22.984648556630844	53.88968044859101
200105_2.0020.AR_15.139/6	4	22.985235590366297	53.88841071365599
200105_2.0020.AR_15.139/6	5	22.98515725615547	53.88839810058544
200105_2.0020.AR_15.139/6	6	22.985102612645683	53.888600533719334
200105_2.0020.AR_15.139/6	7	22.98466607691326	53.8895914595276
200105_2.0020.AR_15.139/6	8	22.984386201568196	53.890168214584136
200105_2.0020.AR_15.139/6	9	22.98411660967245	53.89075341260364
200105_2.0020.AR_15.139/6	10	22.98353717852286	53.891964080922264
200105_2.0020.AR_15.139/6	11	22.983375880422	53.89234846720628
200105_2.0020.AR_15.139/6	12	22.982959546337845	53.89327468151822
200105_2.0020.AR_15.139/6	13	22.98270465877197	53.8938165104694
200105_2.0020.AR_15.139/6	14	22.982726629809868	53.89382011117702
200105_2.0020.AR_15.139/6	15	22.98303478422501	53.89317081629648
200105_2.0020.AR_15.139/6	16	22.98343831992475	53.89230173166076
200105_2.0020.AR_15.139/7	0	22.98565458330048	53.88742080558421
200105_2.0020.AR_15.139/7	1	22.98547838450974	53.88780650661957
200105_2.0020.AR_15.139/7	2	22.98541647027133	53.88787589140619
200105_2.0020.AR_15.139/7	3	22.985341118378646	53.888016508337344
200105_2.0020.AR_15.139/7	4	22.985286586609135	53.88812019063648
200105_2.0020.AR_15.139/7	5	22.985364162138705	53.88813270735642
200105_2.0020.AR_15.139/7	6	22.985686465716785	53.88744839124419
200105_2.0020.AR_15.139/7	7	22.98565458330048	53.88742080558421
200105_2.0020.AR_15.139/8	0	22.98466607691326	53.8895914595276
200105_2.0020.AR_15.139/8	1	22.985102612645683	53.888600533719334
200105_2.0020.AR_15.139/8	2	22.98515725615547	53.88839810058544
200105_2.0020.AR_15.139/8	3	22.98512119466897	53.88839231449525
200105_2.0020.AR_15.139/8	4	22.985250979393854	53.888114498280146
200105_2.0020.AR_15.139/8	5	22.985286586609135	53.88812019063648
200105_2.0020.AR_15.139/8	6	22.985341118378646	53.888016508337344
200105_2.0020.AR_15.139/8	7	22.98541647027133	53.88787589140619
200105_2.0020.AR_15.139/8	8	22.98547838450974	53.88780650661957
200105_2.0020.AR_15.139/8	9	22.98565458330048	53.88742080558421
200105_2.0020.AR_15.139/8	10	22.984365863433325	53.886307823537834
200105_2.0020.AR_15.139/8	11	22.98373998335239	53.885768062063136
200105_2.0020.AR_15.139/8	12	22.97598524443759	53.88868673377377
200105_2.0020.AR_15.139/8	13	22.979419591211695	53.891651131434664
200105_2.0020.AR_15.139/8	14	22.982482706112883	53.89430488409036
200105_2.0020.AR_15.139/8	15	22.982620211856826	53.894011321620525
200105_2.0020.AR_15.139/8	16	22.982568091288076	53.894002613154115
200105_2.0020.AR_15.139/8	17	22.982654652498844	53.89380844894805
200105_2.0020.AR_15.139/8	18	22.98270465877197	53.8938165104694
200105_2.0020.AR_15.139/8	19	22.982959546337845	53.89327468151822
200105_2.0020.AR_15.139/8	20	22.983375880422	53.89234846720628
200105_2.0020.AR_15.139/8	21	22.98353717852286	53.891964080922264
200105_2.0020.AR_15.139/8	22	22.98411660967245	53.89075341260364
200105_2.0020.AR_15.139/8	23	22.984386201568196	53.890168214584136
200105_2.0020.AR_15.139/8	24	22.98466607691326	53.8895914595276
200105_2.0020.AR_14.147/3	0	22.98663996125888	53.885368906552486
200105_2.0020.AR_14.147/3	1	22.987031495043762	53.88449296879547
200105_2.0020.AR_14.147/3	2	22.987450732732505	53.8836216663468
200105_2.0020.AR_14.147/3	3	22.987851323777747	53.882753439973484
200105_2.0020.AR_14.147/3	4	22.988248222700616	53.88188625936002
200105_2.0020.AR_14.147/3	5	22.98865106935396	53.881011399857066
200105_2.0020.AR_14.147/3	6	22.989047509664438	53.88015553450206
200105_2.0020.AR_14.147/3	7	22.98943865654714	53.87931669589589
200105_2.0020.AR_14.147/3	8	22.989353783279704	53.87934886867874
200105_2.0020.AR_14.147/3	9	22.989292799754615	53.879481342380416
200105_2.0020.AR_14.147/3	10	22.989157421127835	53.87978526419179
200105_2.0020.AR_14.147/3	11	22.989080228284358	53.87995920469625
200105_2.0020.AR_14.147/3	12	22.988986166359616	53.88017676303405
200105_2.0020.AR_14.147/3	13	22.988865236475352	53.880436327379506
200105_2.0020.AR_14.147/3	14	22.98884547669238	53.880480010749466
200105_2.0020.AR_14.147/3	15	22.988788640709934	53.88061063214196
200105_2.0020.AR_14.147/3	16	22.988689427771572	53.88082724827957
200105_2.0020.AR_14.147/3	17	22.988669967378733	53.88087111385412
200105_2.0020.AR_14.147/3	18	22.988597166901645	53.88104563017744
200105_2.0020.AR_14.147/3	19	22.988480024638616	53.88130558545648
200105_2.0020.AR_14.147/3	20	22.98840556473823	53.881466878814145
200105_2.0020.AR_14.147/3	21	22.988328404078842	53.881500643434116
200105_2.0020.AR_14.147/3	22	22.987972606446185	53.882278314703456
200105_2.0020.AR_14.147/3	23	22.988000786966424	53.88229535539736
200105_2.0020.AR_14.147/3	24	22.987062953949945	53.88433670484262
200105_2.0020.AR_14.147/3	25	22.98565458330048	53.88742080558421
200105_2.0020.AR_14.147/3	26	22.985686465716785	53.88744839124419
200105_2.0020.AR_14.147/3	27	22.985850099174204	53.88709151741189
200105_2.0020.AR_14.147/3	28	22.98663996125888	53.885368906552486
200105_2.0020.AR_14.147/4	0	22.987972606446185	53.882278314703456
200105_2.0020.AR_14.147/4	1	22.988328404078842	53.881500643434116
200105_2.0020.AR_14.147/4	2	22.98840556473823	53.881466878814145
200105_2.0020.AR_14.147/4	3	22.988480024638616	53.88130558545648
200105_2.0020.AR_14.147/4	4	22.988597166901645	53.88104563017744
200105_2.0020.AR_14.147/4	5	22.988669967378733	53.88087111385412
200105_2.0020.AR_14.147/4	6	22.988689427771572	53.88082724827957
200105_2.0020.AR_14.147/4	7	22.988788640709934	53.88061063214196
200105_2.0020.AR_14.147/4	8	22.98884547669238	53.880480010749466
200105_2.0020.AR_14.147/4	9	22.988865236475352	53.880436327379506
200105_2.0020.AR_14.147/4	10	22.988986166359616	53.88017676303405
200105_2.0020.AR_14.147/4	11	22.989080228284358	53.87995920469625
200105_2.0020.AR_14.147/4	12	22.989157421127835	53.87978526419179
200105_2.0020.AR_14.147/4	13	22.989292799754615	53.879481342380416
200105_2.0020.AR_14.147/4	14	22.989353783279704	53.87934886867874
200105_2.0020.AR_14.147/4	15	22.980248283978018	53.88279889431527
200105_2.0020.AR_14.147/4	16	22.980578370679897	53.88308411620905
200105_2.0020.AR_14.147/4	17	22.982563347012846	53.88475359264313
200105_2.0020.AR_14.147/4	18	22.98373998335239	53.885768062063136
200105_2.0020.AR_14.147/4	19	22.984365863433325	53.886307823537834
200105_2.0020.AR_14.147/4	20	22.98565458330048	53.88742080558421
200105_2.0020.AR_14.147/4	21	22.987062953949945	53.88433670484262
200105_2.0020.AR_14.147/4	22	22.988000786966424	53.88229535539736
200105_2.0020.AR_14.147/4	23	22.987972606446185	53.882278314703456
200105_2.0020.AR_14.148/3	0	22.989370705783184	53.879277755188234
200105_2.0020.AR_14.148/3	1	22.989353783279704	53.87934886867874
200105_2.0020.AR_14.148/3	2	22.98943865654714	53.87931669589589
200105_2.0020.AR_14.148/3	3	22.989373433521124	53.87927184764511
200105_2.0020.AR_14.148/3	4	22.989370705783184	53.879277755188234
200105_2.0020.AR_14.148/4	0	22.985077712423397	53.87672528765183
200105_2.0020.AR_14.148/4	1	22.985012554225868	53.8767911404679
200105_2.0020.AR_14.148/4	2	22.984953354816163	53.87687465547221
200105_2.0020.AR_14.148/4	3	22.98476277559886	53.87690143822637
200105_2.0020.AR_14.148/4	4	22.984509903051812	53.877007575903285
200105_2.0020.AR_14.148/4	5	22.984213713423546	53.87705628772953
200105_2.0020.AR_14.148/4	6	22.983917520937407	53.87710508865922
200105_2.0020.AR_14.148/4	7	22.983652420387955	53.87719485703605
200105_2.0020.AR_14.148/4	8	22.983289774633853	53.877281192774184
200105_2.0020.AR_14.148/4	9	22.983047639991018	53.87739577497795
200105_2.0020.AR_14.148/4	10	22.982760380032165	53.877458576470495
200105_2.0020.AR_14.148/4	11	22.98248347389701	53.877533326081576
200105_2.0020.AR_14.148/4	12	22.982195908090066	53.87759612363594
200105_2.0020.AR_14.148/4	13	22.98189103318172	53.877639005300864
200105_2.0020.AR_14.148/4	14	22.98147751973511	53.877822038765224
200105_2.0020.AR_14.148/4	15	22.981309201429312	53.8779462294672
200105_2.0020.AR_14.148/4	16	22.981120832738025	53.878100711021894
200105_2.0020.AR_14.148/4	17	22.980888802011375	53.8782183399221
200105_2.0020.AR_14.148/4	18	22.980621905029786	53.87830637911988
200105_2.0020.AR_14.148/4	19	22.980368421691256	53.87840558399914
200105_2.0020.AR_14.148/4	20	22.98011463307545	53.878504785752256
200105_2.0020.AR_14.148/4	21	22.979701218960656	53.87860811144022
200105_2.0020.AR_14.148/4	22	22.979530666290795	53.87865509410928
200105_2.0020.AR_14.148/4	23	22.979237881913164	53.87870687777635
200105_2.0020.AR_14.148/4	24	22.978938028841906	53.87873667566194
200105_2.0020.AR_14.148/4	25	22.978640853944945	53.878775121794554
200105_2.0020.AR_14.148/4	26	22.978353869900857	53.87884465436059
200105_2.0020.AR_14.148/4	27	22.9780380153833	53.87882588125286
200105_2.0020.AR_14.148/4	28	22.977730643734866	53.87883341760351
200105_2.0020.AR_14.148/4	29	22.977464640548163	53.87892801693637
200105_2.0020.AR_14.148/4	30	22.97740925358755	53.87894803232474
200105_2.0020.AR_14.148/4	31	22.977162983800135	53.879062747210526
200105_2.0020.AR_14.148/4	32	22.977050253765885	53.87920780304797
200105_2.0020.AR_14.148/4	33	22.97689126734456	53.87936010229972
200105_2.0020.AR_14.148/4	34	22.976653766191365	53.879476777871524
200105_2.0020.AR_14.148/4	35	22.97642686727001	53.8795515804885
200105_2.0020.AR_14.148/4	36	22.976558688393705	53.879646155092615
200105_2.0020.AR_14.148/4	37	22.980248283978018	53.88279889431527
200105_2.0020.AR_14.148/4	38	22.989353783279704	53.87934886867874
200105_2.0020.AR_14.148/4	39	22.989370705783184	53.879277755188234
200105_2.0020.AR_14.148/4	40	22.989373433521124	53.87927184764511
200105_2.0020.AR_14.148/4	41	22.987962055027992	53.878301010304085
200105_2.0020.AR_14.148/4	42	22.985077712423397	53.87672528765183
200105_2.0020.AR_21.157/9	0	22.992215645118407	53.87327942065012
200105_2.0020.AR_21.157/9	1	22.991855652976163	53.87374436888239
200105_2.0020.AR_21.157/9	2	22.99176691180731	53.87395685239242
200105_2.0020.AR_21.157/9	3	22.991796726047756	53.87410177142428
200105_2.0020.AR_21.157/9	4	22.991269165173446	53.87523599730617
200105_2.0020.AR_21.157/9	5	22.99122124755345	53.87527468205405
200105_2.0020.AR_21.157/9	6	22.990888638301456	53.87594005720422
200105_2.0020.AR_21.157/9	7	22.99090323026166	53.87595293947033
200105_2.0020.AR_21.157/9	8	22.99091391761063	53.875970102007734
200105_2.0020.AR_21.157/9	9	22.990469506593378	53.876876339116606
200105_2.0020.AR_21.157/9	10	22.99038268642271	53.87690750782377
200105_2.0020.AR_21.157/9	11	22.990300117978013	53.87705885002165
200105_2.0020.AR_21.157/9	12	22.990087407751993	53.87753716233005
200105_2.0020.AR_21.157/9	13	22.99011758110793	53.87759761987512
200105_2.0020.AR_21.157/9	14	22.990033403595724	53.87778408212808
200105_2.0020.AR_21.157/9	15	22.99001335306241	53.87782731397185
200105_2.0020.AR_21.157/9	16	22.989891667635153	53.87808723246642
200105_2.0020.AR_21.157/9	17	22.98982081123939	53.878244603394
200105_2.0020.AR_21.157/9	18	22.98976873169447	53.87825386955031
200105_2.0020.AR_21.157/9	19	22.989492334579122	53.878875414670226
200105_2.0020.AR_21.157/9	20	22.989526364583863	53.87892098868689
200105_2.0020.AR_21.157/9	21	22.98941531119607	53.87917488595877
200105_2.0020.AR_21.157/9	22	22.989385790853685	53.87924499482626
200105_2.0020.AR_21.157/9	23	22.989373433521124	53.87927184764511
200105_2.0020.AR_21.157/9	24	22.98943865654714	53.87931669589589
200105_2.0020.AR_21.157/9	25	22.989657051024842	53.87884930525952
200105_2.0020.AR_21.157/9	26	22.990249604662107	53.87755227493204
200105_2.0020.AR_21.157/9	27	22.990642782718087	53.87668388662204
200105_2.0020.AR_21.157/9	28	22.99105110197866	53.875817511224916
200105_2.0020.AR_21.157/9	29	22.991444465013487	53.87495900591573
200105_2.0020.AR_21.157/9	30	22.991668452473576	53.874478449591706
200105_2.0020.AR_21.157/9	31	22.992215645118407	53.87327942065012
200105_2.0020.AR_21.157/10	0	22.99176691180731	53.87395685239242
200105_2.0020.AR_21.157/10	1	22.991855652976163	53.87374436888239
200105_2.0020.AR_21.157/10	2	22.992215645118407	53.87327942065012
200105_2.0020.AR_21.157/10	3	22.99224614064205	53.873212643923694
200105_2.0020.AR_21.157/10	4	22.992641351752283	53.872351094923154
200105_2.0020.AR_21.157/10	5	22.99304022283807	53.871488407139
200105_2.0020.AR_21.157/10	6	22.993121240673204	53.871318449739285
200105_2.0020.AR_21.157/10	7	22.990805549253388	53.872197743365625
200105_2.0020.AR_21.157/10	8	22.990762813203013	53.87224869196325
200105_2.0020.AR_21.157/10	9	22.990744802487896	53.87235259410962
200105_2.0020.AR_21.157/10	10	22.99059310663472	53.87250838722808
200105_2.0020.AR_21.157/10	11	22.990428596152235	53.87265957955055
200105_2.0020.AR_21.157/10	12	22.990283380776745	53.87281767319652
200105_2.0020.AR_21.157/10	13	22.990151279738555	53.872980459680214
200105_2.0020.AR_21.157/10	14	22.990044950395284	53.87315271807962
200105_2.0020.AR_21.157/10	15	22.98991948221423	53.87331780652743
200105_2.0020.AR_21.157/10	16	22.98972888486888	53.87345970286564
200105_2.0020.AR_21.157/10	17	22.989531655686417	53.873599116950444
200105_2.0020.AR_21.157/10	18	22.98932809435132	53.87373623098553
200105_2.0020.AR_21.157/10	19	22.989142666979117	53.87385274060211
200105_2.0020.AR_21.157/10	20	22.989346757095447	53.87395860273928
200105_2.0020.AR_21.157/10	21	22.989646554646885	53.87419430383991
200105_2.0020.AR_21.157/10	22	22.98950535064735	53.87424873615574
200105_2.0020.AR_21.157/10	23	22.989755287667776	53.87443980788543
200105_2.0020.AR_21.157/10	24	22.989726313071333	53.874462207785754
200105_2.0020.AR_21.157/10	25	22.989654673193538	53.8745766207917
200105_2.0020.AR_21.157/10	26	22.989611689443915	53.87461876097459
200105_2.0020.AR_21.157/10	27	22.989270093917153	53.87498124050774
200105_2.0020.AR_21.157/10	28	22.98912110033697	53.87514415315902
200105_2.0020.AR_21.157/10	29	22.989034175671254	53.875242802069636
200105_2.0020.AR_21.157/10	30	22.988879171784713	53.875383738866546
200105_2.0020.AR_21.157/10	31	22.988722704312387	53.87545924776768
200105_2.0020.AR_21.157/10	32	22.988525622807817	53.875541602715955
200105_2.0020.AR_21.157/10	33	22.987270760402563	53.87596547640669
200105_2.0020.AR_21.157/10	34	22.98726210991001	53.87578856626371
200105_2.0020.AR_21.157/10	35	22.987304954358237	53.87578380595296
200105_2.0020.AR_21.157/10	36	22.987282559294187	53.87571002470539
200105_2.0020.AR_21.157/10	37	22.98726076897046	53.875711907543135
200105_2.0020.AR_21.157/10	38	22.987243278034985	53.87544147226368
200105_2.0020.AR_21.157/10	39	22.98712060949828	53.87517536110187
200105_2.0020.AR_21.157/10	40	22.987013410139543	53.8748921279459
200105_2.0020.AR_21.157/10	41	22.987002245660292	53.87466829154365
200105_2.0020.AR_21.157/10	42	22.98706796756919	53.8744655912644
200105_2.0020.AR_21.157/10	43	22.987090492946937	53.874395513735365
200105_2.0020.AR_21.157/10	44	22.987006791859454	53.87440469153128
200105_2.0020.AR_21.157/10	45	22.98669372260319	53.87439773575634
200105_2.0020.AR_21.157/10	46	22.986503868384712	53.874376184665856
200105_2.0020.AR_21.157/10	47	22.98626553350047	53.87434101493647
200105_2.0020.AR_21.157/10	48	22.98598783172008	53.87426121299073
200105_2.0020.AR_21.157/10	49	22.985772334364846	53.87413062809593
200105_2.0020.AR_21.157/10	50	22.98538157177006	53.87399155254467
200105_2.0020.AR_21.157/10	51	22.985332207970586	53.873970468286025
200105_2.0020.AR_21.157/10	52	22.985259668827133	53.874021073131274
200105_2.0020.AR_21.157/10	53	22.985177377704368	53.874085073927105
200105_2.0020.AR_21.157/10	54	22.98517911386866	53.8741766521972
200105_2.0020.AR_21.157/10	55	22.98513739130568	53.87435493378247
200105_2.0020.AR_21.157/10	56	22.98505123995344	53.874528077276274
200105_2.0020.AR_21.157/10	57	22.98486029617968	53.87468964154448
200105_2.0020.AR_21.157/10	58	22.984778378474896	53.87494530874208
200105_2.0020.AR_21.157/10	59	22.984787974139024	53.87502626058574
200105_2.0020.AR_21.157/10	60	22.984857938181932	53.875107183883024
200105_2.0020.AR_21.157/10	61	22.984927750464756	53.87518810585394
200105_2.0020.AR_21.157/10	62	22.985031470547284	53.87535701427288
200105_2.0020.AR_21.157/10	63	22.985169938646933	53.87553529188252
200105_2.0020.AR_21.157/10	64	22.98526994071246	53.87568826407798
200105_2.0020.AR_21.157/10	65	22.98536126404304	53.875860571777984
200105_2.0020.AR_21.157/10	66	22.985429874481813	53.876035203390195
200105_2.0020.AR_21.157/10	67	22.98545233305592	53.87620045923041
200105_2.0020.AR_21.157/10	68	22.98542351929026	53.87637938911031
200105_2.0020.AR_21.157/10	69	22.985255236199574	53.87655309641718
200105_2.0020.AR_21.157/10	70	22.985077712423397	53.87672528765183
200105_2.0020.AR_21.157/10	71	22.987962055027992	53.878301010304085
200105_2.0020.AR_21.157/10	72	22.989373433521124	53.87927184764511
200105_2.0020.AR_21.157/10	73	22.989385790853685	53.87924499482626
200105_2.0020.AR_21.157/10	74	22.98941531119607	53.87917488595877
200105_2.0020.AR_21.157/10	75	22.989526364583863	53.87892098868689
200105_2.0020.AR_21.157/10	76	22.989492334579122	53.878875414670226
200105_2.0020.AR_21.157/10	77	22.98976873169447	53.87825386955031
200105_2.0020.AR_21.157/10	78	22.98982081123939	53.878244603394
200105_2.0020.AR_21.157/10	79	22.989891667635153	53.87808723246642
200105_2.0020.AR_21.157/10	80	22.99001335306241	53.87782731397185
200105_2.0020.AR_21.157/10	81	22.990033403595724	53.87778408212808
200105_2.0020.AR_21.157/10	82	22.99011758110793	53.87759761987512
200105_2.0020.AR_21.157/10	83	22.990087407751993	53.87753716233005
200105_2.0020.AR_21.157/10	84	22.990300117978013	53.87705885002165
200105_2.0020.AR_21.157/10	85	22.99038268642271	53.87690750782377
200105_2.0020.AR_21.157/10	86	22.990469506593378	53.876876339116606
200105_2.0020.AR_21.157/10	87	22.99091391761063	53.875970102007734
200105_2.0020.AR_21.157/10	88	22.99090323026166	53.87595293947033
200105_2.0020.AR_21.157/10	89	22.990888638301456	53.87594005720422
200105_2.0020.AR_21.157/10	90	22.99122124755345	53.87527468205405
200105_2.0020.AR_21.157/10	91	22.991269165173446	53.87523599730617
200105_2.0020.AR_21.157/10	92	22.991796726047756	53.87410177142428
200105_2.0020.AR_21.157/10	93	22.99176691180731	53.87395685239242
200105_2.0020.AR_15.133/4	0	22.982482706112883	53.89430488409036
200105_2.0020.AR_15.133/4	1	22.98244916499227	53.89437675420948
200105_2.0020.AR_15.133/4	2	22.982399234118308	53.89442817792795
200105_2.0020.AR_15.133/4	3	22.98219078745727	53.894880094058294
200105_2.0020.AR_15.133/4	4	22.982260943375692	53.89485409143402
200105_2.0020.AR_15.133/4	5	22.982507141663124	53.89432602765474
200105_2.0020.AR_15.133/4	6	22.982482706112883	53.89430488409036
200105_2.0020.AR_15.133/5	0	22.98244916499227	53.89437675420948
200105_2.0020.AR_15.133/5	1	22.982482706112883	53.89430488409036
200105_2.0020.AR_15.133/5	2	22.979419591211695	53.891651131434664
200105_2.0020.AR_15.133/5	3	22.9715617543453	53.89460386721129
200105_2.0020.AR_15.133/5	4	22.973234462517798	53.89608562519215
200105_2.0020.AR_15.133/5	5	22.974901196250098	53.89758006758409
200105_2.0020.AR_15.133/5	6	22.98219078745727	53.894880094058294
200105_2.0020.AR_15.133/5	7	22.982399234118308	53.89442817792795
200105_2.0020.AR_15.133/5	8	22.98244916499227	53.89437675420948
200105_2.0020.AR_15.132/7	0	22.981833548027673	53.895770144013284
200105_2.0020.AR_15.132/7	1	22.982260943375692	53.89485409143402
200105_2.0020.AR_15.132/7	2	22.98219078745727	53.894880094058294
200105_2.0020.AR_15.132/7	3	22.98213457436257	53.89500218111031
200105_2.0020.AR_15.132/7	4	22.982131170572007	53.89508589808157
200105_2.0020.AR_15.132/7	5	22.981700863890644	53.89600884440533
200105_2.0020.AR_15.132/7	6	22.981574847366048	53.89621102980564
200105_2.0020.AR_15.132/7	7	22.98147740014958	53.89648956550684
200105_2.0020.AR_15.132/7	8	22.981008959587992	53.897496650384745
200105_2.0020.AR_15.132/7	9	22.980811631971296	53.89793428142686
200105_2.0020.AR_15.132/7	10	22.980379877941274	53.89881425936469
200105_2.0020.AR_15.132/7	11	22.980174283733998	53.89937213628824
200105_2.0020.AR_15.132/7	12	22.980238642764512	53.89923466415453
200105_2.0020.AR_15.132/7	13	22.980636058847935	53.89837182727385
200105_2.0020.AR_15.132/7	14	22.981030565696575	53.89749656419958
200105_2.0020.AR_15.132/7	15	22.981833548027673	53.895770144013284
200105_2.0020.AR_15.132/8	0	22.980811631971296	53.89793428142686
200105_2.0020.AR_15.132/8	1	22.981008959587992	53.897496650384745
200105_2.0020.AR_15.132/8	2	22.98147740014958	53.89648956550684
200105_2.0020.AR_15.132/8	3	22.981574847366048	53.89621102980564
200105_2.0020.AR_15.132/8	4	22.981700863890644	53.89600884440533
200105_2.0020.AR_15.132/8	5	22.982131170572007	53.89508589808157
200105_2.0020.AR_15.132/8	6	22.98213457436257	53.89500218111031
200105_2.0020.AR_15.132/8	7	22.98219078745727	53.894880094058294
200105_2.0020.AR_15.132/8	8	22.974901196250098	53.89758006758409
200105_2.0020.AR_15.132/8	9	22.975995228677327	53.89854511295047
200105_2.0020.AR_15.132/8	10	22.97696986939827	53.89939204831044
200105_2.0020.AR_15.132/8	11	22.97792411581714	53.900247068619606
200105_2.0020.AR_15.132/8	12	22.979222809979262	53.90139821016527
200105_2.0020.AR_15.132/8	13	22.979835664860147	53.90009403787661
200105_2.0020.AR_15.132/8	14	22.979967232345153	53.899814715216486
200105_2.0020.AR_15.132/8	15	22.97990858376462	53.8998051414633
200105_2.0020.AR_15.132/8	16	22.97992464248694	53.899770503638074
200105_2.0020.AR_15.132/8	17	22.979983288834493	53.89978016722067
200105_2.0020.AR_15.132/8	18	22.980174283733998	53.89937213628824
200105_2.0020.AR_15.132/8	19	22.980379877941274	53.89881425936469
200105_2.0020.AR_15.132/8	20	22.980811631971296	53.89793428142686
200101_1.0004.857	0	22.99588771137771	53.865040631812874
200101_1.0004.857	1	22.996054432845273	53.8647950114696
200101_1.0004.857	2	22.996150497333442	53.86470667753274
200101_1.0004.857	3	22.996301552462768	53.86451843387554
200101_1.0004.857	4	22.99640874685135	53.8644159955091
200101_1.0004.857	5	22.996925934181515	53.8641612634523
200101_1.0004.857	6	22.99746891198313	53.86373044643451
200101_1.0004.857	7	22.996868068174496	53.86374600277577
200101_1.0004.857	8	22.99662834033103	53.8639363812217
200101_1.0004.857	9	22.996529603880298	53.863952268962954
200101_1.0004.857	10	22.996297202241603	53.864052402353764
200101_1.0004.857	11	22.99621519496492	53.86410607957051
200101_1.0004.857	12	22.99598521841882	53.86423184171123
200101_1.0004.857	13	22.9958079113886	53.864367299342966
200101_1.0004.857	14	22.995725775497235	53.864464375779455
200101_1.0004.857	15	22.99554003315482	53.864609197348315
200101_1.0004.857	16	22.995474372839457	53.864792673623406
200101_1.0004.857	17	22.99528863247032	53.864937315108236
200101_1.0004.857	18	22.995227801146484	53.865096840021636
200101_1.0004.857	19	22.995129242523724	53.86518128851801
200101_1.0004.857	20	22.99507116282694	53.86535916708744
200101_1.0004.857	21	22.994986028759783	53.86549871997124
200101_1.0004.857	22	22.994924307581677	53.86571430764188
200101_1.0004.857	23	22.994944178401575	53.8658937374908
200101_1.0004.857	24	22.995045776097946	53.86604410925825
200101_1.0004.857	25	22.995057934067944	53.86613307899941
200101_1.0004.857	26	22.99516223376202	53.86630396053186
200101_1.0004.857	27	22.99530682398855	53.86646206023592
200101_1.0004.857	28	22.995531386832784	53.866594591068015
200101_1.0004.857	29	22.99571165507407	53.8666596281336
200101_1.0004.857	30	22.99580653593759	53.866785951370986
200101_1.0004.857	31	22.996091258874785	53.86685060382402
200101_1.0004.857	32	22.9962520430397	53.86687863598747
200101_1.0004.857	33	22.9964131271196	53.86690685015513
200101_1.0004.857	34	22.99664195603712	53.8667470220526
200101_1.0004.857	35	22.99660142543808	53.866668238619155
200101_1.0004.857	36	22.996569844014342	53.86664748732981
200101_1.0004.857	37	22.99647509778026	53.86658532325066
200101_1.0004.857	38	22.9962494866791	53.8664964556095
200101_1.0004.857	39	22.996134864766333	53.86640725797716
200101_1.0004.857	40	22.995889873784765	53.86628974308362
200101_1.0004.857	41	22.99564825540193	53.8660061115154
200101_1.0004.857	42	22.995568906930522	53.86587246004737
200101_1.0004.857	43	22.995547252255864	53.86571026780212
200101_1.0004.857	44	22.995596128994354	53.865586495381926
200101_1.0004.857	45	22.995610371809	53.865550402468756
200101_1.0004.857	46	22.995779896991806	53.86527039099131
200101_1.0004.857	47	22.99588771137771	53.865040631812874
200101_1.0004.62/4	0	23.000338931622426	53.84911802934573
200101_1.0004.62/4	1	22.999823342709977	53.848020447891855
200101_1.0004.62/4	2	22.99963223434099	53.84761647696583
200101_1.0004.62/4	3	22.99920804261233	53.84768320750851
200101_1.0004.62/4	4	22.99936231817213	53.84800663003514
200101_1.0004.62/4	5	22.999383758326506	53.84805065884332
200101_1.0004.62/4	6	22.99972599990379	53.848763469170954
200101_1.0004.62/4	7	22.9996908902238	53.84877009543735
200101_1.0004.62/4	8	22.99969954157236	53.84878328661877
200101_1.0004.62/4	9	22.999869842788012	53.849078627040114
200101_1.0004.62/4	10	23.000105704913008	53.8495754327955
200101_1.0004.62/4	11	23.00015150705687	53.84968130605114
200101_1.0004.62/4	12	23.00064061833458	53.85071774244159
200101_1.0004.62/4	13	23.000690540433506	53.85082302077884
200101_1.0004.62/4	14	23.00118194221015	53.851860102737646
200101_1.0004.62/4	15	23.00123021056807	53.851964738059195
200101_1.0004.62/4	16	23.001720104273627	53.853002433961066
200101_1.0004.62/4	17	23.001771437762084	53.85310610611335
200101_1.0004.62/4	18	23.002260422630034	53.85414478037382
200101_1.0004.62/4	19	23.002302779297082	53.85426814605234
200101_1.0004.62/4	20	23.00282519586275	53.85531455374961
200101_1.0004.62/4	21	23.00311126448627	53.85591447592434
200101_1.0004.62/4	22	23.003181332695235	53.856061523977154
200101_1.0004.62/4	23	23.003222446142523	53.8561478580975
200101_1.0004.62/4	24	23.003632419781926	53.85702206141135
200101_1.0004.62/4	25	23.004034645713695	53.85787759855728
200101_1.0004.62/4	26	23.00423093255637	53.85836804627138
200101_1.0004.62/4	27	23.004278012865996	53.858472131201154
200101_1.0004.62/4	28	23.004411043432444	53.858771737854596
200101_1.0004.62/4	29	23.00500727292861	53.85997258130165
200101_1.0004.62/4	30	23.005109724168	53.86021604287216
200101_1.0004.62/4	31	23.005110953225763	53.86024112298503
200101_1.0004.62/4	32	23.005118331102206	53.860320976594
200101_1.0004.62/4	33	23.005135718899208	53.86047225912987
200101_1.0004.62/4	34	23.00497036667512	53.860951439994864
200101_1.0004.62/4	35	23.00483786974982	53.86115413552771
200101_1.0004.62/4	36	23.00470524141701	53.8612918636858
200101_1.0004.62/4	37	23.004342877408693	53.86156606465943
200101_1.0004.62/4	38	23.003267617517068	53.862305372638744
200101_1.0004.62/4	39	23.00299645742269	53.862489482267804
200101_1.0004.62/4	40	23.00265154177211	53.862719434086166
200101_1.0004.62/4	41	23.00151295771024	53.86348533677415
200101_1.0004.62/4	42	22.999114782596322	53.8650881655997
200101_1.0004.62/4	43	22.999134979940663	53.865101812491055
200101_1.0004.62/4	44	22.999176871009105	53.86513010716184
200101_1.0004.62/4	45	22.998388276656733	53.86568584918264
200101_1.0004.62/4	46	22.998070134923662	53.86589381684629
200101_1.0004.62/4	47	22.997654067019578	53.86614068233869
200101_1.0004.62/4	48	22.997671184143186	53.866149631218896
200101_1.0004.62/4	49	22.99750817969194	53.86625268278986
200101_1.0004.62/4	50	22.99749331029278	53.866245100507385
200101_1.0004.62/4	51	22.997170487765782	53.8664386496878
200101_1.0004.62/4	52	22.997120784722338	53.866412805020516
200101_1.0004.62/4	53	22.99664195603712	53.8667470220526
200101_1.0004.62/4	54	22.9964131271196	53.86690685015513
200101_1.0004.62/4	55	22.996800015267013	53.86705412445672
200101_1.0004.62/4	56	22.99815257614397	53.86612741268443
200101_1.0004.62/4	57	22.999155457508742	53.86542852117872
200101_1.0004.62/4	58	23.000120886921962	53.86476875624695
200101_1.0004.62/4	59	23.001136954006096	53.864107068802795
200101_1.0004.62/4	60	23.00218952025986	53.86340506121855
200101_1.0004.62/4	61	23.00318379350237	53.86276851483191
200101_1.0004.62/4	62	23.004138586928875	53.862096858248115
200101_1.0004.62/4	63	23.00546753933878	53.86108153983006
200101_1.0004.62/4	64	23.005553157174397	53.86022744590906
200101_1.0004.62/4	65	23.005388298997563	53.8598400567634
200101_1.0004.62/4	66	23.00529740028972	53.85964781944735
200101_1.0004.62/4	67	23.004976264941316	53.85896674157709
200101_1.0004.62/4	68	23.004776623558957	53.85854671476004
200101_1.0004.62/4	69	23.004714229071027	53.858415366391775
200101_1.0004.62/4	70	23.004685268086725	53.858354742699255
200101_1.0004.62/4	71	23.004643038247327	53.85826399690825
200101_1.0004.62/4	72	23.00448404982957	53.85792454847965
200101_1.0004.62/4	73	23.004337679801008	53.85761710353
200101_1.0004.62/4	74	23.003986771066142	53.85687898637633
200101_1.0004.62/4	75	23.003612702660135	53.85609260257328
200101_1.0004.62/4	76	23.00350240346136	53.855834787145426
200101_1.0004.62/4	77	23.003335283791145	53.8555056928128
200101_1.0004.62/4	78	23.003156158850448	53.85511908022151
200101_1.0004.62/4	79	23.00308401149914	53.85496365820222
200101_1.0004.62/4	80	23.002663601905166	53.854056658109975
200101_1.0004.62/4	81	23.002037105010672	53.852677813418005
200101_1.0004.62/4	82	23.001613926933366	53.851806009861214
200101_1.0004.62/4	83	23.001175492242155	53.85087360418325
200101_1.0004.62/4	84	23.000762551066344	53.84998184443145
200101_1.0004.62/4	85	23.000338931622426	53.84911802934573
200101_1.0004.295/1	0	22.997139111832606	53.86634574562942
200101_1.0004.295/1	1	22.99693923867528	53.86644561294226
200101_1.0004.295/1	2	22.996569844014342	53.86664748732981
200101_1.0004.295/1	3	22.99660142543808	53.866668238619155
200101_1.0004.295/1	4	22.99664195603712	53.8667470220526
200101_1.0004.295/1	5	22.997120784722338	53.866412805020516
200101_1.0004.295/1	6	22.997139111832606	53.86634574562942
200101_1.0004.295/2	0	23.002658065256348	53.86259216186376
200101_1.0004.295/2	1	23.00144722325621	53.86199425270162
200101_1.0004.295/2	2	23.001151470532257	53.86188953492498
200101_1.0004.295/2	3	23.000833714134508	53.8618407035894
200101_1.0004.295/2	4	23.000363865629524	53.86184631556813
200101_1.0004.295/2	5	22.999882283223847	53.86236302082565
200101_1.0004.295/2	6	22.99988156165078	53.86255261174811
200101_1.0004.295/2	7	23.00002070794908	53.862977444017154
200101_1.0004.295/2	8	22.99889884733114	53.86347991272729
200101_1.0004.295/2	9	22.99816055666124	53.86361114216818
200101_1.0004.295/2	10	22.99746891198313	53.86373044643451
200101_1.0004.295/2	11	22.996925934181515	53.8641612634523
200101_1.0004.295/2	12	22.99640874685135	53.8644159955091
200101_1.0004.295/2	13	22.996301552462768	53.86451843387554
200101_1.0004.295/2	14	22.996150497333442	53.86470667753274
200101_1.0004.295/2	15	22.996054432845273	53.8647950114696
200101_1.0004.295/2	16	22.99588771137771	53.865040631812874
200101_1.0004.295/2	17	22.995779896991806	53.86527039099131
200101_1.0004.295/2	18	22.995610371809	53.865550402468756
200101_1.0004.295/2	19	22.995596128994354	53.865586495381926
200101_1.0004.295/2	20	22.995547252255864	53.86571026780212
200101_1.0004.295/2	21	22.995568906930522	53.86587246004737
200101_1.0004.295/2	22	22.99564825540193	53.8660061115154
200101_1.0004.295/2	23	22.995889873784765	53.86628974308362
200101_1.0004.295/2	24	22.996134864766333	53.86640725797716
200101_1.0004.295/2	25	22.9962494866791	53.8664964556095
200101_1.0004.295/2	26	22.99647509778026	53.86658532325066
200101_1.0004.295/2	27	22.996569844014342	53.86664748732981
200101_1.0004.295/2	28	22.99693923867528	53.86644561294226
200101_1.0004.295/2	29	22.997139111832606	53.86634574562942
200101_1.0004.295/2	30	22.997190587154567	53.86615765716598
200101_1.0004.295/2	31	22.997244644344	53.86596330030526
200101_1.0004.295/2	32	22.998135627798817	53.86508709425432
200101_1.0004.295/2	33	22.998543007754666	53.86469422789975
200101_1.0004.295/2	34	22.998814451968187	53.864900736165616
200101_1.0004.295/2	35	22.999114782596322	53.8650881655997
200101_1.0004.295/2	36	23.00151295771024	53.86348533677415
200101_1.0004.295/2	37	23.00265154177211	53.862719434086166
200101_1.0004.295/2	38	23.002658065256348	53.86259216186376
200101_1.0004.863/1	0	22.999134979940663	53.865101812491055
200101_1.0004.863/1	1	22.998331335941927	53.86565751848729
200101_1.0004.863/1	2	22.99742668351906	53.86620222160579
200101_1.0004.863/1	3	22.997139111832606	53.86634574562942
200101_1.0004.863/1	4	22.997120784722338	53.866412805020516
200101_1.0004.863/1	5	22.997170487765782	53.8664386496878
200101_1.0004.863/1	6	22.99749331029278	53.866245100507385
200101_1.0004.863/1	7	22.99750817969194	53.86625268278986
200101_1.0004.863/1	8	22.997671184143186	53.866149631218896
200101_1.0004.863/1	9	22.997654067019578	53.86614068233869
200101_1.0004.863/1	10	22.998070134923662	53.86589381684629
200101_1.0004.863/1	11	22.998388276656733	53.86568584918264
200101_1.0004.863/1	12	22.999176871009105	53.86513010716184
200101_1.0004.863/1	13	22.999134979940663	53.865101812491055
200101_1.0004.863/2	0	22.998814451968187	53.864900736165616
200101_1.0004.863/2	1	22.997190587154567	53.86615765716598
200101_1.0004.863/2	2	22.997139111832606	53.86634574562942
200101_1.0004.863/2	3	22.99742668351906	53.86620222160579
200101_1.0004.863/2	4	22.998331335941927	53.86565751848729
200101_1.0004.863/2	5	22.999134979940663	53.865101812491055
200101_1.0004.863/2	6	22.999114782596322	53.8650881655997
200101_1.0004.863/2	7	22.998814451968187	53.864900736165616